n_gaps	total_chars	dataset	ref_weight	ref_frac	sample_frac	seed
26919567	46763352	human	simple	0.1	0.2	1
26919660	46763352	human	simple	0.1	0.2	2
26919653	46763352	human	simple	0.1	0.2	3
26919554	46763352	human	simple	0.1	0.2	4
26919554	46763352	human	simple	0.1	0.2	5
26919312	46763352	human	simple	0.1	0.2	6
26919638	46763352	human	simple	0.1	0.2	7
26919490	46763352	human	simple	0.1	0.2	8
26919389	46763352	human	simple	0.1	0.2	9
26919357	46763352	human	simple	0.1	0.2	10
26919376	46763352	human	simple	0.1	0.2	11
26919606	46763352	human	simple	0.1	0.2	12
26919385	46763352	human	simple	0.1	0.2	13
26919360	46763352	human	simple	0.1	0.2	14
26919457	46763352	human	simple	0.1	0.2	15
26919551	46763352	human	simple	0.1	0.2	16
26919354	46763352	human	simple	0.1	0.2	17
26919595	46763352	human	simple	0.1	0.2	18
26919614	46763352	human	simple	0.1	0.2	19
26919462	46763352	human	simple	0.1	0.2	20
35892720	62351136	human	simple	0.2	0.2	1
35892706	62351136	human	simple	0.2	0.2	2
35892548	62351136	human	simple	0.2	0.2	3
35892537	62351136	human	simple	0.2	0.2	4
35892674	62351136	human	simple	0.2	0.2	5
35892565	62351136	human	simple	0.2	0.2	6
35892743	62351136	human	simple	0.2	0.2	7
35892959	62351136	human	simple	0.2	0.2	8
35892866	62351136	human	simple	0.2	0.2	9
35892711	62351136	human	simple	0.2	0.2	10
35892563	62351136	human	simple	0.2	0.2	11
35892540	62351136	human	simple	0.2	0.2	12
35892457	62351136	human	simple	0.2	0.2	13
35892782	62351136	human	simple	0.2	0.2	14
35892558	62351136	human	simple	0.2	0.2	15
35892647	62351136	human	simple	0.2	0.2	16
35892707	62351136	human	simple	0.2	0.2	17
35892673	62351136	human	simple	0.2	0.2	18
35892427	62351136	human	simple	0.2	0.2	19
35892590	62351136	human	simple	0.2	0.2	20
44865798	77938920	human	simple	0.3	0.2	1
44866017	77938920	human	simple	0.3	0.2	2
44865592	77938920	human	simple	0.3	0.2	3
44865941	77938920	human	simple	0.3	0.2	4
44865690	77938920	human	simple	0.3	0.2	5
44865845	77938920	human	simple	0.3	0.2	6
44865751	77938920	human	simple	0.3	0.2	7
44866079	77938920	human	simple	0.3	0.2	8
44865790	77938920	human	simple	0.3	0.2	9
44865695	77938920	human	simple	0.3	0.2	10
44865645	77938920	human	simple	0.3	0.2	11
44865770	77938920	human	simple	0.3	0.2	12
44865731	77938920	human	simple	0.3	0.2	13
44865980	77938920	human	simple	0.3	0.2	14
44865967	77938920	human	simple	0.3	0.2	15
44865778	77938920	human	simple	0.3	0.2	16
44865763	77938920	human	simple	0.3	0.2	17
44865798	77938920	human	simple	0.3	0.2	18
44866025	77938920	human	simple	0.3	0.2	19
44865739	77938920	human	simple	0.3	0.2	20
53839010	93526704	human	simple	0.4	0.2	1
53838985	93526704	human	simple	0.4	0.2	2
53838896	93526704	human	simple	0.4	0.2	3
53838942	93526704	human	simple	0.4	0.2	4
53839066	93526704	human	simple	0.4	0.2	5
53838971	93526704	human	simple	0.4	0.2	6
53838908	93526704	human	simple	0.4	0.2	7
53839052	93526704	human	simple	0.4	0.2	8
53839081	93526704	human	simple	0.4	0.2	9
53839067	93526704	human	simple	0.4	0.2	10
53838953	93526704	human	simple	0.4	0.2	11
53839098	93526704	human	simple	0.4	0.2	12
53838916	93526704	human	simple	0.4	0.2	13
53839172	93526704	human	simple	0.4	0.2	14
53839037	93526704	human	simple	0.4	0.2	15
53838790	93526704	human	simple	0.4	0.2	16
53839049	93526704	human	simple	0.4	0.2	17
53839268	93526704	human	simple	0.4	0.2	18
53839037	93526704	human	simple	0.4	0.2	19
53839027	93526704	human	simple	0.4	0.2	20
62812035	109114488	human	simple	0.5	0.2	1
62812267	109114488	human	simple	0.5	0.2	2
62812111	109114488	human	simple	0.5	0.2	3
62812359	109114488	human	simple	0.5	0.2	4
62812106	109114488	human	simple	0.5	0.2	5
62812110	109114488	human	simple	0.5	0.2	6
62812249	109114488	human	simple	0.5	0.2	7
62812331	109114488	human	simple	0.5	0.2	8
62812044	109114488	human	simple	0.5	0.2	9
62812166	109114488	human	simple	0.5	0.2	10
62812011	109114488	human	simple	0.5	0.2	11
62812133	109114488	human	simple	0.5	0.2	12
62811989	109114488	human	simple	0.5	0.2	13
62812421	109114488	human	simple	0.5	0.2	14
62812120	109114488	human	simple	0.5	0.2	15
62811983	109114488	human	simple	0.5	0.2	16
62812113	109114488	human	simple	0.5	0.2	17
62812210	109114488	human	simple	0.5	0.2	18
62812199	109114488	human	simple	0.5	0.2	19
62811983	109114488	human	simple	0.5	0.2	20
71784918	124701676	human	simple	0.6	0.2	1
71784978	124701676	human	simple	0.6	0.2	2
71784992	124701676	human	simple	0.6	0.2	3
71785077	124701676	human	simple	0.6	0.2	4
71784921	124701676	human	simple	0.6	0.2	5
71784975	124701676	human	simple	0.6	0.2	6
71784984	124701676	human	simple	0.6	0.2	7
71784975	124701676	human	simple	0.6	0.2	8
71784813	124701676	human	simple	0.6	0.2	9
71785027	124701676	human	simple	0.6	0.2	10
71784969	124701676	human	simple	0.6	0.2	11
71784771	124701676	human	simple	0.6	0.2	12
71785041	124701676	human	simple	0.6	0.2	13
71785079	124701676	human	simple	0.6	0.2	14
71784771	124701676	human	simple	0.6	0.2	15
71784926	124701676	human	simple	0.6	0.2	16
71784948	124701676	human	simple	0.6	0.2	17
71785092	124701676	human	simple	0.6	0.2	18
71784813	124701676	human	simple	0.6	0.2	19
71784800	124701676	human	simple	0.6	0.2	20
80758058	140289460	human	simple	0.7	0.2	1
80758209	140289460	human	simple	0.7	0.2	2
80758149	140289460	human	simple	0.7	0.2	3
80758006	140289460	human	simple	0.7	0.2	4
80758040	140289460	human	simple	0.7	0.2	5
80758009	140289460	human	simple	0.7	0.2	6
80758126	140289460	human	simple	0.7	0.2	7
80758099	140289460	human	simple	0.7	0.2	8
80758076	140289460	human	simple	0.7	0.2	9
80758177	140289460	human	simple	0.7	0.2	10
80758003	140289460	human	simple	0.7	0.2	11
80758075	140289460	human	simple	0.7	0.2	12
80757995	140289460	human	simple	0.7	0.2	13
80758069	140289460	human	simple	0.7	0.2	14
80758160	140289460	human	simple	0.7	0.2	15
80757995	140289460	human	simple	0.7	0.2	16
80758107	140289460	human	simple	0.7	0.2	17
80758181	140289460	human	simple	0.7	0.2	18
80758093	140289460	human	simple	0.7	0.2	19
80757954	140289460	human	simple	0.7	0.2	20
89731273	155877244	human	simple	0.8	0.2	1
89731273	155877244	human	simple	0.8	0.2	2
89731273	155877244	human	simple	0.8	0.2	3
89731273	155877244	human	simple	0.8	0.2	4
89731273	155877244	human	simple	0.8	0.2	5
89731273	155877244	human	simple	0.8	0.2	6
89731273	155877244	human	simple	0.8	0.2	7
89731273	155877244	human	simple	0.8	0.2	8
89731273	155877244	human	simple	0.8	0.2	9
89731273	155877244	human	simple	0.8	0.2	10
89731273	155877244	human	simple	0.8	0.2	11
89731273	155877244	human	simple	0.8	0.2	12
89731273	155877244	human	simple	0.8	0.2	13
89731273	155877244	human	simple	0.8	0.2	14
89731273	155877244	human	simple	0.8	0.2	15
89731273	155877244	human	simple	0.8	0.2	16
89731273	155877244	human	simple	0.8	0.2	17
89731273	155877244	human	simple	0.8	0.2	18
89731273	155877244	human	simple	0.8	0.2	19
89731273	155877244	human	simple	0.8	0.2	20
26920072	46763352	human	abundance	0.1	0.2	1
26920208	46763352	human	abundance	0.1	0.2	2
26920111	46763352	human	abundance	0.1	0.2	3
26920085	46763352	human	abundance	0.1	0.2	4
26919850	46763352	human	abundance	0.1	0.2	5
26920006	46763352	human	abundance	0.1	0.2	6
26920080	46763352	human	abundance	0.1	0.2	7
26920209	46763352	human	abundance	0.1	0.2	8
26920078	46763352	human	abundance	0.1	0.2	9
26920061	46763352	human	abundance	0.1	0.2	10
26919931	46763352	human	abundance	0.1	0.2	11
26920155	46763352	human	abundance	0.1	0.2	12
26920028	46763352	human	abundance	0.1	0.2	13
26920206	46763352	human	abundance	0.1	0.2	14
26920029	46763352	human	abundance	0.1	0.2	15
26920071	46763352	human	abundance	0.1	0.2	16
26919984	46763352	human	abundance	0.1	0.2	17
26920027	46763352	human	abundance	0.1	0.2	18
26920164	46763352	human	abundance	0.1	0.2	19
26919930	46763352	human	abundance	0.1	0.2	20
35893356	62351136	human	abundance	0.2	0.2	1
35893173	62351136	human	abundance	0.2	0.2	2
35893466	62351136	human	abundance	0.2	0.2	3
35893538	62351136	human	abundance	0.2	0.2	4
35893582	62351136	human	abundance	0.2	0.2	5
35893649	62351136	human	abundance	0.2	0.2	6
35893493	62351136	human	abundance	0.2	0.2	7
35893517	62351136	human	abundance	0.2	0.2	8
35893411	62351136	human	abundance	0.2	0.2	9
35893797	62351136	human	abundance	0.2	0.2	10
35893405	62351136	human	abundance	0.2	0.2	11
35893502	62351136	human	abundance	0.2	0.2	12
35893456	62351136	human	abundance	0.2	0.2	13
35893257	62351136	human	abundance	0.2	0.2	14
35893516	62351136	human	abundance	0.2	0.2	15
35893664	62351136	human	abundance	0.2	0.2	16
35893223	62351136	human	abundance	0.2	0.2	17
35893321	62351136	human	abundance	0.2	0.2	18
35893513	62351136	human	abundance	0.2	0.2	19
35893584	62351136	human	abundance	0.2	0.2	20
44866568	77938920	human	abundance	0.3	0.2	1
44866892	77938920	human	abundance	0.3	0.2	2
44866867	77938920	human	abundance	0.3	0.2	3
44866869	77938920	human	abundance	0.3	0.2	4
44867015	77938920	human	abundance	0.3	0.2	5
44866826	77938920	human	abundance	0.3	0.2	6
44867046	77938920	human	abundance	0.3	0.2	7
44866657	77938920	human	abundance	0.3	0.2	8
44866930	77938920	human	abundance	0.3	0.2	9
44866700	77938920	human	abundance	0.3	0.2	10
44866917	77938920	human	abundance	0.3	0.2	11
44866585	77938920	human	abundance	0.3	0.2	12
44866967	77938920	human	abundance	0.3	0.2	13
44866894	77938920	human	abundance	0.3	0.2	14
44866732	77938920	human	abundance	0.3	0.2	15
44866640	77938920	human	abundance	0.3	0.2	16
44866915	77938920	human	abundance	0.3	0.2	17
44866885	77938920	human	abundance	0.3	0.2	18
44866937	77938920	human	abundance	0.3	0.2	19
44866729	77938920	human	abundance	0.3	0.2	20
53840201	93526704	human	abundance	0.4	0.2	1
53839733	93526704	human	abundance	0.4	0.2	2
53840053	93526704	human	abundance	0.4	0.2	3
53840077	93526704	human	abundance	0.4	0.2	4
53840046	93526704	human	abundance	0.4	0.2	5
53840114	93526704	human	abundance	0.4	0.2	6
53839924	93526704	human	abundance	0.4	0.2	7
53840017	93526704	human	abundance	0.4	0.2	8
53839891	93526704	human	abundance	0.4	0.2	9
53839902	93526704	human	abundance	0.4	0.2	10
53840061	93526704	human	abundance	0.4	0.2	11
53839932	93526704	human	abundance	0.4	0.2	12
53839821	93526704	human	abundance	0.4	0.2	13
53839851	93526704	human	abundance	0.4	0.2	14
53840015	93526704	human	abundance	0.4	0.2	15
53840008	93526704	human	abundance	0.4	0.2	16
53839958	93526704	human	abundance	0.4	0.2	17
53840156	93526704	human	abundance	0.4	0.2	18
53840270	93526704	human	abundance	0.4	0.2	19
53839780	93526704	human	abundance	0.4	0.2	20
62813077	109114488	human	abundance	0.5	0.2	1
62813187	109114488	human	abundance	0.5	0.2	2
62813145	109114488	human	abundance	0.5	0.2	3
62813368	109114488	human	abundance	0.5	0.2	4
62813241	109114488	human	abundance	0.5	0.2	5
62813351	109114488	human	abundance	0.5	0.2	6
62813042	109114488	human	abundance	0.5	0.2	7
62813195	109114488	human	abundance	0.5	0.2	8
62813367	109114488	human	abundance	0.5	0.2	9
62813034	109114488	human	abundance	0.5	0.2	10
62813124	109114488	human	abundance	0.5	0.2	11
62813235	109114488	human	abundance	0.5	0.2	12
62813327	109114488	human	abundance	0.5	0.2	13
62813273	109114488	human	abundance	0.5	0.2	14
62813206	109114488	human	abundance	0.5	0.2	15
62813139	109114488	human	abundance	0.5	0.2	16
62813251	109114488	human	abundance	0.5	0.2	17
62813193	109114488	human	abundance	0.5	0.2	18
62813310	109114488	human	abundance	0.5	0.2	19
62813122	109114488	human	abundance	0.5	0.2	20
71785644	124701676	human	abundance	0.6	0.2	1
71785776	124701676	human	abundance	0.6	0.2	2
71785786	124701676	human	abundance	0.6	0.2	3
71785730	124701676	human	abundance	0.6	0.2	4
71785668	124701676	human	abundance	0.6	0.2	5
71785910	124701676	human	abundance	0.6	0.2	6
71785769	124701676	human	abundance	0.6	0.2	7
71785630	124701676	human	abundance	0.6	0.2	8
71785815	124701676	human	abundance	0.6	0.2	9
71785800	124701676	human	abundance	0.6	0.2	10
71785791	124701676	human	abundance	0.6	0.2	11
71785660	124701676	human	abundance	0.6	0.2	12
71785710	124701676	human	abundance	0.6	0.2	13
71785814	124701676	human	abundance	0.6	0.2	14
71785653	124701676	human	abundance	0.6	0.2	15
71785754	124701676	human	abundance	0.6	0.2	16
71785700	124701676	human	abundance	0.6	0.2	17
71785550	124701676	human	abundance	0.6	0.2	18
71785687	124701676	human	abundance	0.6	0.2	19
71785815	124701676	human	abundance	0.6	0.2	20
80758753	140289460	human	abundance	0.7	0.2	1
80758666	140289460	human	abundance	0.7	0.2	2
80758557	140289460	human	abundance	0.7	0.2	3
80758639	140289460	human	abundance	0.7	0.2	4
80758571	140289460	human	abundance	0.7	0.2	5
80758566	140289460	human	abundance	0.7	0.2	6
80758552	140289460	human	abundance	0.7	0.2	7
80758498	140289460	human	abundance	0.7	0.2	8
80758433	140289460	human	abundance	0.7	0.2	9
80758470	140289460	human	abundance	0.7	0.2	10
80758513	140289460	human	abundance	0.7	0.2	11
80758561	140289460	human	abundance	0.7	0.2	12
80758742	140289460	human	abundance	0.7	0.2	13
80758707	140289460	human	abundance	0.7	0.2	14
80758684	140289460	human	abundance	0.7	0.2	15
80758521	140289460	human	abundance	0.7	0.2	16
80758547	140289460	human	abundance	0.7	0.2	17
80758486	140289460	human	abundance	0.7	0.2	18
80758652	140289460	human	abundance	0.7	0.2	19
80758597	140289460	human	abundance	0.7	0.2	20
89731273	155877244	human	abundance	0.8	0.2	1
89731273	155877244	human	abundance	0.8	0.2	2
89731273	155877244	human	abundance	0.8	0.2	3
89731273	155877244	human	abundance	0.8	0.2	4
89731273	155877244	human	abundance	0.8	0.2	5
89731273	155877244	human	abundance	0.8	0.2	6
89731273	155877244	human	abundance	0.8	0.2	7
89731273	155877244	human	abundance	0.8	0.2	8
89731273	155877244	human	abundance	0.8	0.2	9
89731273	155877244	human	abundance	0.8	0.2	10
89731273	155877244	human	abundance	0.8	0.2	11
89731273	155877244	human	abundance	0.8	0.2	12
89731273	155877244	human	abundance	0.8	0.2	13
89731273	155877244	human	abundance	0.8	0.2	14
89731273	155877244	human	abundance	0.8	0.2	15
89731273	155877244	human	abundance	0.8	0.2	16
89731273	155877244	human	abundance	0.8	0.2	17
89731273	155877244	human	abundance	0.8	0.2	18
89731273	155877244	human	abundance	0.8	0.2	19
89731273	155877244	human	abundance	0.8	0.2	20
26917563	46763352	human	distance	0.1	0.2	1
26917642	46763352	human	distance	0.1	0.2	2
26917618	46763352	human	distance	0.1	0.2	3
26917348	46763352	human	distance	0.1	0.2	4
26917422	46763352	human	distance	0.1	0.2	5
26917841	46763352	human	distance	0.1	0.2	6
26917401	46763352	human	distance	0.1	0.2	7
26917404	46763352	human	distance	0.1	0.2	8
26917436	46763352	human	distance	0.1	0.2	9
26917661	46763352	human	distance	0.1	0.2	10
26917502	46763352	human	distance	0.1	0.2	11
26917617	46763352	human	distance	0.1	0.2	12
26917469	46763352	human	distance	0.1	0.2	13
26917567	46763352	human	distance	0.1	0.2	14
26917416	46763352	human	distance	0.1	0.2	15
26917413	46763352	human	distance	0.1	0.2	16
26917484	46763352	human	distance	0.1	0.2	17
26917362	46763352	human	distance	0.1	0.2	18
26917427	46763352	human	distance	0.1	0.2	19
26917517	46763352	human	distance	0.1	0.2	20
35889170	62351136	human	distance	0.2	0.2	1
35889182	62351136	human	distance	0.2	0.2	2
35889074	62351136	human	distance	0.2	0.2	3
35889304	62351136	human	distance	0.2	0.2	4
35889133	62351136	human	distance	0.2	0.2	5
35889164	62351136	human	distance	0.2	0.2	6
35889182	62351136	human	distance	0.2	0.2	7
35889094	62351136	human	distance	0.2	0.2	8
35889101	62351136	human	distance	0.2	0.2	9
35889180	62351136	human	distance	0.2	0.2	10
35889099	62351136	human	distance	0.2	0.2	11
35889316	62351136	human	distance	0.2	0.2	12
35889442	62351136	human	distance	0.2	0.2	13
35889217	62351136	human	distance	0.2	0.2	14
35889180	62351136	human	distance	0.2	0.2	15
35889176	62351136	human	distance	0.2	0.2	16
35889109	62351136	human	distance	0.2	0.2	17
35889392	62351136	human	distance	0.2	0.2	18
35889298	62351136	human	distance	0.2	0.2	19
35889070	62351136	human	distance	0.2	0.2	20
44861520	77938920	human	distance	0.3	0.2	1
44861591	77938920	human	distance	0.3	0.2	2
44861643	77938920	human	distance	0.3	0.2	3
44861697	77938920	human	distance	0.3	0.2	4
44861379	77938920	human	distance	0.3	0.2	5
44861750	77938920	human	distance	0.3	0.2	6
44861676	77938920	human	distance	0.3	0.2	7
44861562	77938920	human	distance	0.3	0.2	8
44861647	77938920	human	distance	0.3	0.2	9
44861514	77938920	human	distance	0.3	0.2	10
44861401	77938920	human	distance	0.3	0.2	11
44861682	77938920	human	distance	0.3	0.2	12
44861619	77938920	human	distance	0.3	0.2	13
44861557	77938920	human	distance	0.3	0.2	14
44861448	77938920	human	distance	0.3	0.2	15
44861567	77938920	human	distance	0.3	0.2	16
44861622	77938920	human	distance	0.3	0.2	17
44861430	77938920	human	distance	0.3	0.2	18
44861844	77938920	human	distance	0.3	0.2	19
44861554	77938920	human	distance	0.3	0.2	20
53834608	93526704	human	distance	0.4	0.2	1
53834872	93526704	human	distance	0.4	0.2	2
53834852	93526704	human	distance	0.4	0.2	3
53834729	93526704	human	distance	0.4	0.2	4
53834793	93526704	human	distance	0.4	0.2	5
53834804	93526704	human	distance	0.4	0.2	6
53834834	93526704	human	distance	0.4	0.2	7
53834530	93526704	human	distance	0.4	0.2	8
53834650	93526704	human	distance	0.4	0.2	9
53834749	93526704	human	distance	0.4	0.2	10
53834663	93526704	human	distance	0.4	0.2	11
53834543	93526704	human	distance	0.4	0.2	12
53834795	93526704	human	distance	0.4	0.2	13
53834804	93526704	human	distance	0.4	0.2	14
53834746	93526704	human	distance	0.4	0.2	15
53834861	93526704	human	distance	0.4	0.2	16
53834609	93526704	human	distance	0.4	0.2	17
53834900	93526704	human	distance	0.4	0.2	18
53834675	93526704	human	distance	0.4	0.2	19
53834795	93526704	human	distance	0.4	0.2	20
62808178	109114488	human	distance	0.5	0.2	1
62808433	109114488	human	distance	0.5	0.2	2
62808461	109114488	human	distance	0.5	0.2	3
62808338	109114488	human	distance	0.5	0.2	4
62808363	109114488	human	distance	0.5	0.2	5
62808420	109114488	human	distance	0.5	0.2	6
62808468	109114488	human	distance	0.5	0.2	7
62808403	109114488	human	distance	0.5	0.2	8
62808478	109114488	human	distance	0.5	0.2	9
62808200	109114488	human	distance	0.5	0.2	10
62808252	109114488	human	distance	0.5	0.2	11
62808683	109114488	human	distance	0.5	0.2	12
62808578	109114488	human	distance	0.5	0.2	13
62808563	109114488	human	distance	0.5	0.2	14
62808304	109114488	human	distance	0.5	0.2	15
62808395	109114488	human	distance	0.5	0.2	16
62808363	109114488	human	distance	0.5	0.2	17
62808693	109114488	human	distance	0.5	0.2	18
62808322	109114488	human	distance	0.5	0.2	19
62808562	109114488	human	distance	0.5	0.2	20
71782101	124701676	human	distance	0.6	0.2	1
71782059	124701676	human	distance	0.6	0.2	2
71782305	124701676	human	distance	0.6	0.2	3
71782043	124701676	human	distance	0.6	0.2	4
71782367	124701676	human	distance	0.6	0.2	5
71782338	124701676	human	distance	0.6	0.2	6
71782200	124701676	human	distance	0.6	0.2	7
71781960	124701676	human	distance	0.6	0.2	8
71781988	124701676	human	distance	0.6	0.2	9
71782156	124701676	human	distance	0.6	0.2	10
71782217	124701676	human	distance	0.6	0.2	11
71782272	124701676	human	distance	0.6	0.2	12
71782115	124701676	human	distance	0.6	0.2	13
71782221	124701676	human	distance	0.6	0.2	14
71782145	124701676	human	distance	0.6	0.2	15
71782091	124701676	human	distance	0.6	0.2	16
71782103	124701676	human	distance	0.6	0.2	17
71782188	124701676	human	distance	0.6	0.2	18
71782183	124701676	human	distance	0.6	0.2	19
71782027	124701676	human	distance	0.6	0.2	20
80756565	140289460	human	distance	0.7	0.2	1
80756493	140289460	human	distance	0.7	0.2	2
80756431	140289460	human	distance	0.7	0.2	3
80756511	140289460	human	distance	0.7	0.2	4
80756539	140289460	human	distance	0.7	0.2	5
80756299	140289460	human	distance	0.7	0.2	6
80756650	140289460	human	distance	0.7	0.2	7
80756391	140289460	human	distance	0.7	0.2	8
80756566	140289460	human	distance	0.7	0.2	9
80756463	140289460	human	distance	0.7	0.2	10
80756423	140289460	human	distance	0.7	0.2	11
80756759	140289460	human	distance	0.7	0.2	12
80756650	140289460	human	distance	0.7	0.2	13
80756479	140289460	human	distance	0.7	0.2	14
80756591	140289460	human	distance	0.7	0.2	15
80756605	140289460	human	distance	0.7	0.2	16
80756530	140289460	human	distance	0.7	0.2	17
80756543	140289460	human	distance	0.7	0.2	18
80756593	140289460	human	distance	0.7	0.2	19
80756657	140289460	human	distance	0.7	0.2	20
89731273	155877244	human	distance	0.8	0.2	1
89731273	155877244	human	distance	0.8	0.2	2
89731273	155877244	human	distance	0.8	0.2	3
89731273	155877244	human	distance	0.8	0.2	4
89731273	155877244	human	distance	0.8	0.2	5
89731273	155877244	human	distance	0.8	0.2	6
89731273	155877244	human	distance	0.8	0.2	7
89731273	155877244	human	distance	0.8	0.2	8
89731273	155877244	human	distance	0.8	0.2	9
89731273	155877244	human	distance	0.8	0.2	10
89731273	155877244	human	distance	0.8	0.2	11
89731273	155877244	human	distance	0.8	0.2	12
89731273	155877244	human	distance	0.8	0.2	13
89731273	155877244	human	distance	0.8	0.2	14
89731273	155877244	human	distance	0.8	0.2	15
89731273	155877244	human	distance	0.8	0.2	16
89731273	155877244	human	distance	0.8	0.2	17
89731273	155877244	human	distance	0.8	0.2	18
89731273	155877244	human	distance	0.8	0.2	19
89731273	155877244	human	distance	0.8	0.2	20
16768863	29032332	marine	simple	0.1	0.2	1
16768817	29032332	marine	simple	0.1	0.2	2
16768894	29032332	marine	simple	0.1	0.2	3
16768682	29032332	marine	simple	0.1	0.2	4
16768585	29032332	marine	simple	0.1	0.2	5
16768774	29032332	marine	simple	0.1	0.2	6
16768783	29032332	marine	simple	0.1	0.2	7
16768886	29032332	marine	simple	0.1	0.2	8
16769034	29032332	marine	simple	0.1	0.2	9
16768970	29032332	marine	simple	0.1	0.2	10
16768797	29032332	marine	simple	0.1	0.2	11
16768660	29032332	marine	simple	0.1	0.2	12
16768874	29032332	marine	simple	0.1	0.2	13
16768817	29032332	marine	simple	0.1	0.2	14
16768785	29032332	marine	simple	0.1	0.2	15
16768643	29032332	marine	simple	0.1	0.2	16
16768891	29032332	marine	simple	0.1	0.2	17
16768828	29032332	marine	simple	0.1	0.2	18
16768668	29032332	marine	simple	0.1	0.2	19
16768695	29032332	marine	simple	0.1	0.2	20
22358404	38709776	marine	simple	0.2	0.2	1
22358343	38709776	marine	simple	0.2	0.2	2
22358412	38709776	marine	simple	0.2	0.2	3
22358442	38709776	marine	simple	0.2	0.2	4
22358372	38709776	marine	simple	0.2	0.2	5
22358377	38709776	marine	simple	0.2	0.2	6
22358501	38709776	marine	simple	0.2	0.2	7
22358464	38709776	marine	simple	0.2	0.2	8
22358405	38709776	marine	simple	0.2	0.2	9
22358544	38709776	marine	simple	0.2	0.2	10
22358477	38709776	marine	simple	0.2	0.2	11
22358352	38709776	marine	simple	0.2	0.2	12
22358454	38709776	marine	simple	0.2	0.2	13
22358262	38709776	marine	simple	0.2	0.2	14
22358251	38709776	marine	simple	0.2	0.2	15
22358271	38709776	marine	simple	0.2	0.2	16
22358382	38709776	marine	simple	0.2	0.2	17
22358435	38709776	marine	simple	0.2	0.2	18
22358354	38709776	marine	simple	0.2	0.2	19
22358552	38709776	marine	simple	0.2	0.2	20
27948170	48387220	marine	simple	0.3	0.2	1
27948049	48387220	marine	simple	0.3	0.2	2
27947989	48387220	marine	simple	0.3	0.2	3
27948070	48387220	marine	simple	0.3	0.2	4
27947832	48387220	marine	simple	0.3	0.2	5
27948177	48387220	marine	simple	0.3	0.2	6
27947928	48387220	marine	simple	0.3	0.2	7
27948152	48387220	marine	simple	0.3	0.2	8
27948013	48387220	marine	simple	0.3	0.2	9
27947998	48387220	marine	simple	0.3	0.2	10
27947871	48387220	marine	simple	0.3	0.2	11
27948020	48387220	marine	simple	0.3	0.2	12
27948016	48387220	marine	simple	0.3	0.2	13
27947872	48387220	marine	simple	0.3	0.2	14
27947947	48387220	marine	simple	0.3	0.2	15
27948010	48387220	marine	simple	0.3	0.2	16
27948013	48387220	marine	simple	0.3	0.2	17
27948149	48387220	marine	simple	0.3	0.2	18
27948190	48387220	marine	simple	0.3	0.2	19
27948217	48387220	marine	simple	0.3	0.2	20
33537847	58064664	marine	simple	0.4	0.2	1
33537695	58064664	marine	simple	0.4	0.2	2
33537688	58064664	marine	simple	0.4	0.2	3
33537797	58064664	marine	simple	0.4	0.2	4
33537548	58064664	marine	simple	0.4	0.2	5
33537565	58064664	marine	simple	0.4	0.2	6
33537670	58064664	marine	simple	0.4	0.2	7
33537731	58064664	marine	simple	0.4	0.2	8
33537601	58064664	marine	simple	0.4	0.2	9
33537717	58064664	marine	simple	0.4	0.2	10
33537615	58064664	marine	simple	0.4	0.2	11
33537725	58064664	marine	simple	0.4	0.2	12
33537694	58064664	marine	simple	0.4	0.2	13
33537642	58064664	marine	simple	0.4	0.2	14
33537500	58064664	marine	simple	0.4	0.2	15
33537591	58064664	marine	simple	0.4	0.2	16
33537481	58064664	marine	simple	0.4	0.2	17
33537633	58064664	marine	simple	0.4	0.2	18
33537594	58064664	marine	simple	0.4	0.2	19
33537834	58064664	marine	simple	0.4	0.2	20
39127321	67742108	marine	simple	0.5	0.2	1
39127162	67742108	marine	simple	0.5	0.2	2
39127264	67742108	marine	simple	0.5	0.2	3
39127487	67742108	marine	simple	0.5	0.2	4
39127330	67742108	marine	simple	0.5	0.2	5
39127178	67742108	marine	simple	0.5	0.2	6
39127271	67742108	marine	simple	0.5	0.2	7
39127270	67742108	marine	simple	0.5	0.2	8
39127151	67742108	marine	simple	0.5	0.2	9
39127167	67742108	marine	simple	0.5	0.2	10
39127324	67742108	marine	simple	0.5	0.2	11
39127340	67742108	marine	simple	0.5	0.2	12
39127265	67742108	marine	simple	0.5	0.2	13
39127300	67742108	marine	simple	0.5	0.2	14
39127109	67742108	marine	simple	0.5	0.2	15
39127154	67742108	marine	simple	0.5	0.2	16
39127105	67742108	marine	simple	0.5	0.2	17
39127270	67742108	marine	simple	0.5	0.2	18
39127474	67742108	marine	simple	0.5	0.2	19
39127342	67742108	marine	simple	0.5	0.2	20
44717261	77420151	marine	simple	0.6	0.2	1
44717277	77420151	marine	simple	0.6	0.2	2
44717220	77420151	marine	simple	0.6	0.2	3
44717173	77420151	marine	simple	0.6	0.2	4
44717333	77420151	marine	simple	0.6	0.2	5
44717164	77420151	marine	simple	0.6	0.2	6
44717269	77420151	marine	simple	0.6	0.2	7
44717338	77420151	marine	simple	0.6	0.2	8
44717121	77420151	marine	simple	0.6	0.2	9
44717151	77420151	marine	simple	0.6	0.2	10
44717158	77420151	marine	simple	0.6	0.2	11
44717200	77420151	marine	simple	0.6	0.2	12
44717173	77420151	marine	simple	0.6	0.2	13
44717333	77420151	marine	simple	0.6	0.2	14
44717254	77420151	marine	simple	0.6	0.2	15
44717280	77420151	marine	simple	0.6	0.2	16
44717181	77420151	marine	simple	0.6	0.2	17
44717216	77420151	marine	simple	0.6	0.2	18
44717219	77420151	marine	simple	0.6	0.2	19
44717263	77420151	marine	simple	0.6	0.2	20
50306801	87097595	marine	simple	0.7	0.2	1
50306810	87097595	marine	simple	0.7	0.2	2
50306864	87097595	marine	simple	0.7	0.2	3
50306906	87097595	marine	simple	0.7	0.2	4
50306817	87097595	marine	simple	0.7	0.2	5
50306912	87097595	marine	simple	0.7	0.2	6
50306812	87097595	marine	simple	0.7	0.2	7
50306825	87097595	marine	simple	0.7	0.2	8
50306805	87097595	marine	simple	0.7	0.2	9
50306872	87097595	marine	simple	0.7	0.2	10
50306776	87097595	marine	simple	0.7	0.2	11
50306918	87097595	marine	simple	0.7	0.2	12
50306694	87097595	marine	simple	0.7	0.2	13
50306822	87097595	marine	simple	0.7	0.2	14
50306849	87097595	marine	simple	0.7	0.2	15
50306849	87097595	marine	simple	0.7	0.2	16
50306711	87097595	marine	simple	0.7	0.2	17
50306725	87097595	marine	simple	0.7	0.2	18
50306970	87097595	marine	simple	0.7	0.2	19
50306966	87097595	marine	simple	0.7	0.2	20
55896435	96775039	marine	simple	0.8	0.2	1
55896435	96775039	marine	simple	0.8	0.2	2
55896435	96775039	marine	simple	0.8	0.2	3
55896435	96775039	marine	simple	0.8	0.2	4
55896435	96775039	marine	simple	0.8	0.2	5
55896435	96775039	marine	simple	0.8	0.2	6
55896435	96775039	marine	simple	0.8	0.2	7
55896435	96775039	marine	simple	0.8	0.2	8
55896435	96775039	marine	simple	0.8	0.2	9
55896435	96775039	marine	simple	0.8	0.2	10
55896435	96775039	marine	simple	0.8	0.2	11
55896435	96775039	marine	simple	0.8	0.2	12
55896435	96775039	marine	simple	0.8	0.2	13
55896435	96775039	marine	simple	0.8	0.2	14
55896435	96775039	marine	simple	0.8	0.2	15
55896435	96775039	marine	simple	0.8	0.2	16
55896435	96775039	marine	simple	0.8	0.2	17
55896435	96775039	marine	simple	0.8	0.2	18
55896435	96775039	marine	simple	0.8	0.2	19
55896435	96775039	marine	simple	0.8	0.2	20
16768697	29032332	marine	abundance	0.1	0.2	1
16768469	29032332	marine	abundance	0.1	0.2	2
16768679	29032332	marine	abundance	0.1	0.2	3
16768721	29032332	marine	abundance	0.1	0.2	4
16768543	29032332	marine	abundance	0.1	0.2	5
16768792	29032332	marine	abundance	0.1	0.2	6
16768662	29032332	marine	abundance	0.1	0.2	7
16768508	29032332	marine	abundance	0.1	0.2	8
16768818	29032332	marine	abundance	0.1	0.2	9
16768763	29032332	marine	abundance	0.1	0.2	10
16768761	29032332	marine	abundance	0.1	0.2	11
16768710	29032332	marine	abundance	0.1	0.2	12
16768694	29032332	marine	abundance	0.1	0.2	13
16768834	29032332	marine	abundance	0.1	0.2	14
16768723	29032332	marine	abundance	0.1	0.2	15
16768524	29032332	marine	abundance	0.1	0.2	16
16768497	29032332	marine	abundance	0.1	0.2	17
16768645	29032332	marine	abundance	0.1	0.2	18
16768754	29032332	marine	abundance	0.1	0.2	19
16768700	29032332	marine	abundance	0.1	0.2	20
22358261	38709776	marine	abundance	0.2	0.2	1
22358096	38709776	marine	abundance	0.2	0.2	2
22358315	38709776	marine	abundance	0.2	0.2	3
22358302	38709776	marine	abundance	0.2	0.2	4
22358065	38709776	marine	abundance	0.2	0.2	5
22358223	38709776	marine	abundance	0.2	0.2	6
22358152	38709776	marine	abundance	0.2	0.2	7
22358415	38709776	marine	abundance	0.2	0.2	8
22358194	38709776	marine	abundance	0.2	0.2	9
22358312	38709776	marine	abundance	0.2	0.2	10
22358319	38709776	marine	abundance	0.2	0.2	11
22358159	38709776	marine	abundance	0.2	0.2	12
22358177	38709776	marine	abundance	0.2	0.2	13
22358428	38709776	marine	abundance	0.2	0.2	14
22358332	38709776	marine	abundance	0.2	0.2	15
22358272	38709776	marine	abundance	0.2	0.2	16
22358160	38709776	marine	abundance	0.2	0.2	17
22358279	38709776	marine	abundance	0.2	0.2	18
22358070	38709776	marine	abundance	0.2	0.2	19
22358228	38709776	marine	abundance	0.2	0.2	20
27947767	48387220	marine	abundance	0.3	0.2	1
27947650	48387220	marine	abundance	0.3	0.2	2
27947679	48387220	marine	abundance	0.3	0.2	3
27947783	48387220	marine	abundance	0.3	0.2	4
27947993	48387220	marine	abundance	0.3	0.2	5
27947929	48387220	marine	abundance	0.3	0.2	6
27947754	48387220	marine	abundance	0.3	0.2	7
27947881	48387220	marine	abundance	0.3	0.2	8
27947952	48387220	marine	abundance	0.3	0.2	9
27947797	48387220	marine	abundance	0.3	0.2	10
27947791	48387220	marine	abundance	0.3	0.2	11
27947711	48387220	marine	abundance	0.3	0.2	12
27947942	48387220	marine	abundance	0.3	0.2	13
27947885	48387220	marine	abundance	0.3	0.2	14
27947822	48387220	marine	abundance	0.3	0.2	15
27947850	48387220	marine	abundance	0.3	0.2	16
27948044	48387220	marine	abundance	0.3	0.2	17
27947867	48387220	marine	abundance	0.3	0.2	18
27947911	48387220	marine	abundance	0.3	0.2	19
27947969	48387220	marine	abundance	0.3	0.2	20
33537416	58064664	marine	abundance	0.4	0.2	1
33537357	58064664	marine	abundance	0.4	0.2	2
33537632	58064664	marine	abundance	0.4	0.2	3
33537376	58064664	marine	abundance	0.4	0.2	4
33537442	58064664	marine	abundance	0.4	0.2	5
33537529	58064664	marine	abundance	0.4	0.2	6
33537563	58064664	marine	abundance	0.4	0.2	7
33537448	58064664	marine	abundance	0.4	0.2	8
33537442	58064664	marine	abundance	0.4	0.2	9
33537487	58064664	marine	abundance	0.4	0.2	10
33537557	58064664	marine	abundance	0.4	0.2	11
33537502	58064664	marine	abundance	0.4	0.2	12
33537630	58064664	marine	abundance	0.4	0.2	13
33537474	58064664	marine	abundance	0.4	0.2	14
33537613	58064664	marine	abundance	0.4	0.2	15
33537326	58064664	marine	abundance	0.4	0.2	16
33537321	58064664	marine	abundance	0.4	0.2	17
33537587	58064664	marine	abundance	0.4	0.2	18
33537461	58064664	marine	abundance	0.4	0.2	19
33537495	58064664	marine	abundance	0.4	0.2	20
39126877	67742108	marine	abundance	0.5	0.2	1
39127162	67742108	marine	abundance	0.5	0.2	2
39127021	67742108	marine	abundance	0.5	0.2	3
39127144	67742108	marine	abundance	0.5	0.2	4
39127173	67742108	marine	abundance	0.5	0.2	5
39127237	67742108	marine	abundance	0.5	0.2	6
39127010	67742108	marine	abundance	0.5	0.2	7
39127041	67742108	marine	abundance	0.5	0.2	8
39127168	67742108	marine	abundance	0.5	0.2	9
39127111	67742108	marine	abundance	0.5	0.2	10
39127139	67742108	marine	abundance	0.5	0.2	11
39127014	67742108	marine	abundance	0.5	0.2	12
39127177	67742108	marine	abundance	0.5	0.2	13
39126949	67742108	marine	abundance	0.5	0.2	14
39127189	67742108	marine	abundance	0.5	0.2	15
39127204	67742108	marine	abundance	0.5	0.2	16
39127006	67742108	marine	abundance	0.5	0.2	17
39127013	67742108	marine	abundance	0.5	0.2	18
39127103	67742108	marine	abundance	0.5	0.2	19
39127267	67742108	marine	abundance	0.5	0.2	20
44717101	77420151	marine	abundance	0.6	0.2	1
44717011	77420151	marine	abundance	0.6	0.2	2
44717305	77420151	marine	abundance	0.6	0.2	3
44717000	77420151	marine	abundance	0.6	0.2	4
44717065	77420151	marine	abundance	0.6	0.2	5
44717111	77420151	marine	abundance	0.6	0.2	6
44717206	77420151	marine	abundance	0.6	0.2	7
44716942	77420151	marine	abundance	0.6	0.2	8
44717036	77420151	marine	abundance	0.6	0.2	9
44717101	77420151	marine	abundance	0.6	0.2	10
44716867	77420151	marine	abundance	0.6	0.2	11
44717000	77420151	marine	abundance	0.6	0.2	12
44717063	77420151	marine	abundance	0.6	0.2	13
44717093	77420151	marine	abundance	0.6	0.2	14
44717114	77420151	marine	abundance	0.6	0.2	15
44717022	77420151	marine	abundance	0.6	0.2	16
44717073	77420151	marine	abundance	0.6	0.2	17
44717065	77420151	marine	abundance	0.6	0.2	18
44717072	77420151	marine	abundance	0.6	0.2	19
44716930	77420151	marine	abundance	0.6	0.2	20
50306736	87097595	marine	abundance	0.7	0.2	1
50306787	87097595	marine	abundance	0.7	0.2	2
50306904	87097595	marine	abundance	0.7	0.2	3
50306821	87097595	marine	abundance	0.7	0.2	4
50306747	87097595	marine	abundance	0.7	0.2	5
50306772	87097595	marine	abundance	0.7	0.2	6
50306855	87097595	marine	abundance	0.7	0.2	7
50306818	87097595	marine	abundance	0.7	0.2	8
50306760	87097595	marine	abundance	0.7	0.2	9
50306661	87097595	marine	abundance	0.7	0.2	10
50306779	87097595	marine	abundance	0.7	0.2	11
50306722	87097595	marine	abundance	0.7	0.2	12
50306755	87097595	marine	abundance	0.7	0.2	13
50306781	87097595	marine	abundance	0.7	0.2	14
50306729	87097595	marine	abundance	0.7	0.2	15
50306903	87097595	marine	abundance	0.7	0.2	16
50306787	87097595	marine	abundance	0.7	0.2	17
50306734	87097595	marine	abundance	0.7	0.2	18
50306835	87097595	marine	abundance	0.7	0.2	19
50306729	87097595	marine	abundance	0.7	0.2	20
55896435	96775039	marine	abundance	0.8	0.2	1
55896435	96775039	marine	abundance	0.8	0.2	2
55896435	96775039	marine	abundance	0.8	0.2	3
55896435	96775039	marine	abundance	0.8	0.2	4
55896435	96775039	marine	abundance	0.8	0.2	5
55896435	96775039	marine	abundance	0.8	0.2	6
55896435	96775039	marine	abundance	0.8	0.2	7
55896435	96775039	marine	abundance	0.8	0.2	8
55896435	96775039	marine	abundance	0.8	0.2	9
55896435	96775039	marine	abundance	0.8	0.2	10
55896435	96775039	marine	abundance	0.8	0.2	11
55896435	96775039	marine	abundance	0.8	0.2	12
55896435	96775039	marine	abundance	0.8	0.2	13
55896435	96775039	marine	abundance	0.8	0.2	14
55896435	96775039	marine	abundance	0.8	0.2	15
55896435	96775039	marine	abundance	0.8	0.2	16
55896435	96775039	marine	abundance	0.8	0.2	17
55896435	96775039	marine	abundance	0.8	0.2	18
55896435	96775039	marine	abundance	0.8	0.2	19
55896435	96775039	marine	abundance	0.8	0.2	20
16767767	29032332	marine	distance	0.1	0.2	1
16767809	29032332	marine	distance	0.1	0.2	2
16767907	29032332	marine	distance	0.1	0.2	3
16767727	29032332	marine	distance	0.1	0.2	4
16767725	29032332	marine	distance	0.1	0.2	5
16767780	29032332	marine	distance	0.1	0.2	6
16767803	29032332	marine	distance	0.1	0.2	7
16767761	29032332	marine	distance	0.1	0.2	8
16767743	29032332	marine	distance	0.1	0.2	9
16767735	29032332	marine	distance	0.1	0.2	10
16767727	29032332	marine	distance	0.1	0.2	11
16767854	29032332	marine	distance	0.1	0.2	12
16767821	29032332	marine	distance	0.1	0.2	13
16767760	29032332	marine	distance	0.1	0.2	14
16767737	29032332	marine	distance	0.1	0.2	15
16767667	29032332	marine	distance	0.1	0.2	16
16767759	29032332	marine	distance	0.1	0.2	17
16767864	29032332	marine	distance	0.1	0.2	18
16767817	29032332	marine	distance	0.1	0.2	19
16767792	29032332	marine	distance	0.1	0.2	20
22357300	38709776	marine	distance	0.2	0.2	1
22357338	38709776	marine	distance	0.2	0.2	2
22357390	38709776	marine	distance	0.2	0.2	3
22357324	38709776	marine	distance	0.2	0.2	4
22357392	38709776	marine	distance	0.2	0.2	5
22357431	38709776	marine	distance	0.2	0.2	6
22357252	38709776	marine	distance	0.2	0.2	7
22357417	38709776	marine	distance	0.2	0.2	8
22357343	38709776	marine	distance	0.2	0.2	9
22357417	38709776	marine	distance	0.2	0.2	10
22357329	38709776	marine	distance	0.2	0.2	11
22357490	38709776	marine	distance	0.2	0.2	12
22357339	38709776	marine	distance	0.2	0.2	13
22357304	38709776	marine	distance	0.2	0.2	14
22357498	38709776	marine	distance	0.2	0.2	15
22357355	38709776	marine	distance	0.2	0.2	16
22357433	38709776	marine	distance	0.2	0.2	17
22357424	38709776	marine	distance	0.2	0.2	18
22357388	38709776	marine	distance	0.2	0.2	19
22357428	38709776	marine	distance	0.2	0.2	20
27947028	48387220	marine	distance	0.3	0.2	1
27947106	48387220	marine	distance	0.3	0.2	2
27947216	48387220	marine	distance	0.3	0.2	3
27947212	48387220	marine	distance	0.3	0.2	4
27946994	48387220	marine	distance	0.3	0.2	5
27947134	48387220	marine	distance	0.3	0.2	6
27947246	48387220	marine	distance	0.3	0.2	7
27947209	48387220	marine	distance	0.3	0.2	8
27947235	48387220	marine	distance	0.3	0.2	9
27947208	48387220	marine	distance	0.3	0.2	10
27947076	48387220	marine	distance	0.3	0.2	11
27947227	48387220	marine	distance	0.3	0.2	12
27947125	48387220	marine	distance	0.3	0.2	13
27947235	48387220	marine	distance	0.3	0.2	14
27947142	48387220	marine	distance	0.3	0.2	15
27947259	48387220	marine	distance	0.3	0.2	16
27947163	48387220	marine	distance	0.3	0.2	17
27947182	48387220	marine	distance	0.3	0.2	18
27947120	48387220	marine	distance	0.3	0.2	19
27947086	48387220	marine	distance	0.3	0.2	20
33536632	58064664	marine	distance	0.4	0.2	1
33536831	58064664	marine	distance	0.4	0.2	2
33536715	58064664	marine	distance	0.4	0.2	3
33537006	58064664	marine	distance	0.4	0.2	4
33536912	58064664	marine	distance	0.4	0.2	5
33536842	58064664	marine	distance	0.4	0.2	6
33536910	58064664	marine	distance	0.4	0.2	7
33536683	58064664	marine	distance	0.4	0.2	8
33536910	58064664	marine	distance	0.4	0.2	9
33536692	58064664	marine	distance	0.4	0.2	10
33536683	58064664	marine	distance	0.4	0.2	11
33536866	58064664	marine	distance	0.4	0.2	12
33536798	58064664	marine	distance	0.4	0.2	13
33536834	58064664	marine	distance	0.4	0.2	14
33536855	58064664	marine	distance	0.4	0.2	15
33536825	58064664	marine	distance	0.4	0.2	16
33536988	58064664	marine	distance	0.4	0.2	17
33536756	58064664	marine	distance	0.4	0.2	18
33536728	58064664	marine	distance	0.4	0.2	19
33536937	58064664	marine	distance	0.4	0.2	20
39126601	67742108	marine	distance	0.5	0.2	1
39126568	67742108	marine	distance	0.5	0.2	2
39126482	67742108	marine	distance	0.5	0.2	3
39126572	67742108	marine	distance	0.5	0.2	4
39126400	67742108	marine	distance	0.5	0.2	5
39126535	67742108	marine	distance	0.5	0.2	6
39126596	67742108	marine	distance	0.5	0.2	7
39126401	67742108	marine	distance	0.5	0.2	8
39126465	67742108	marine	distance	0.5	0.2	9
39126369	67742108	marine	distance	0.5	0.2	10
39126440	67742108	marine	distance	0.5	0.2	11
39126455	67742108	marine	distance	0.5	0.2	12
39126610	67742108	marine	distance	0.5	0.2	13
39126417	67742108	marine	distance	0.5	0.2	14
39126460	67742108	marine	distance	0.5	0.2	15
39126535	67742108	marine	distance	0.5	0.2	16
39126358	67742108	marine	distance	0.5	0.2	17
39126438	67742108	marine	distance	0.5	0.2	18
39126472	67742108	marine	distance	0.5	0.2	19
39126405	67742108	marine	distance	0.5	0.2	20
44716597	77420151	marine	distance	0.6	0.2	1
44716489	77420151	marine	distance	0.6	0.2	2
44716637	77420151	marine	distance	0.6	0.2	3
44716352	77420151	marine	distance	0.6	0.2	4
44716399	77420151	marine	distance	0.6	0.2	5
44716561	77420151	marine	distance	0.6	0.2	6
44716464	77420151	marine	distance	0.6	0.2	7
44716306	77420151	marine	distance	0.6	0.2	8
44716508	77420151	marine	distance	0.6	0.2	9
44716434	77420151	marine	distance	0.6	0.2	10
44716397	77420151	marine	distance	0.6	0.2	11
44716604	77420151	marine	distance	0.6	0.2	12
44716534	77420151	marine	distance	0.6	0.2	13
44716728	77420151	marine	distance	0.6	0.2	14
44716485	77420151	marine	distance	0.6	0.2	15
44716406	77420151	marine	distance	0.6	0.2	16
44716444	77420151	marine	distance	0.6	0.2	17
44716367	77420151	marine	distance	0.6	0.2	18
44716441	77420151	marine	distance	0.6	0.2	19
44716567	77420151	marine	distance	0.6	0.2	20
50306340	87097595	marine	distance	0.7	0.2	1
50306337	87097595	marine	distance	0.7	0.2	2
50306409	87097595	marine	distance	0.7	0.2	3
50306493	87097595	marine	distance	0.7	0.2	4
50306316	87097595	marine	distance	0.7	0.2	5
50306257	87097595	marine	distance	0.7	0.2	6
50306318	87097595	marine	distance	0.7	0.2	7
50306250	87097595	marine	distance	0.7	0.2	8
50306191	87097595	marine	distance	0.7	0.2	9
50306299	87097595	marine	distance	0.7	0.2	10
50306189	87097595	marine	distance	0.7	0.2	11
50306312	87097595	marine	distance	0.7	0.2	12
50306216	87097595	marine	distance	0.7	0.2	13
50306263	87097595	marine	distance	0.7	0.2	14
50306233	87097595	marine	distance	0.7	0.2	15
50306216	87097595	marine	distance	0.7	0.2	16
50306355	87097595	marine	distance	0.7	0.2	17
50306377	87097595	marine	distance	0.7	0.2	18
50306188	87097595	marine	distance	0.7	0.2	19
50306306	87097595	marine	distance	0.7	0.2	20
55896435	96775039	marine	distance	0.8	0.2	1
55896435	96775039	marine	distance	0.8	0.2	2
55896435	96775039	marine	distance	0.8	0.2	3
55896435	96775039	marine	distance	0.8	0.2	4
55896435	96775039	marine	distance	0.8	0.2	5
55896435	96775039	marine	distance	0.8	0.2	6
55896435	96775039	marine	distance	0.8	0.2	7
55896435	96775039	marine	distance	0.8	0.2	8
55896435	96775039	marine	distance	0.8	0.2	9
55896435	96775039	marine	distance	0.8	0.2	10
55896435	96775039	marine	distance	0.8	0.2	11
55896435	96775039	marine	distance	0.8	0.2	12
55896435	96775039	marine	distance	0.8	0.2	13
55896435	96775039	marine	distance	0.8	0.2	14
55896435	96775039	marine	distance	0.8	0.2	15
55896435	96775039	marine	distance	0.8	0.2	16
55896435	96775039	marine	distance	0.8	0.2	17
55896435	96775039	marine	distance	0.8	0.2	18
55896435	96775039	marine	distance	0.8	0.2	19
55896435	96775039	marine	distance	0.8	0.2	20
4991268	10155201	mouse	simple	0.1	0.2	1
4991249	10155201	mouse	simple	0.1	0.2	2
4991186	10155201	mouse	simple	0.1	0.2	3
4991226	10155201	mouse	simple	0.1	0.2	4
4991271	10155201	mouse	simple	0.1	0.2	5
4991233	10155201	mouse	simple	0.1	0.2	6
4991197	10155201	mouse	simple	0.1	0.2	7
4991274	10155201	mouse	simple	0.1	0.2	8
4991201	10155201	mouse	simple	0.1	0.2	9
4991176	10155201	mouse	simple	0.1	0.2	10
4991297	10155201	mouse	simple	0.1	0.2	11
4991173	10155201	mouse	simple	0.1	0.2	12
4991220	10155201	mouse	simple	0.1	0.2	13
4991418	10155201	mouse	simple	0.1	0.2	14
4991130	10155201	mouse	simple	0.1	0.2	15
4991193	10155201	mouse	simple	0.1	0.2	16
4991235	10155201	mouse	simple	0.1	0.2	17
4991150	10155201	mouse	simple	0.1	0.2	18
4991273	10155201	mouse	simple	0.1	0.2	19
4991226	10155201	mouse	simple	0.1	0.2	20
6654930	13540268	mouse	simple	0.2	0.2	1
6654892	13540268	mouse	simple	0.2	0.2	2
6654987	13540268	mouse	simple	0.2	0.2	3
6654810	13540268	mouse	simple	0.2	0.2	4
6655061	13540268	mouse	simple	0.2	0.2	5
6655076	13540268	mouse	simple	0.2	0.2	6
6655061	13540268	mouse	simple	0.2	0.2	7
6654904	13540268	mouse	simple	0.2	0.2	8
6654884	13540268	mouse	simple	0.2	0.2	9
6654862	13540268	mouse	simple	0.2	0.2	10
6655015	13540268	mouse	simple	0.2	0.2	11
6654899	13540268	mouse	simple	0.2	0.2	12
6655061	13540268	mouse	simple	0.2	0.2	13
6655090	13540268	mouse	simple	0.2	0.2	14
6655012	13540268	mouse	simple	0.2	0.2	15
6655007	13540268	mouse	simple	0.2	0.2	16
6655058	13540268	mouse	simple	0.2	0.2	17
6654854	13540268	mouse	simple	0.2	0.2	18
6655054	13540268	mouse	simple	0.2	0.2	19
6655204	13540268	mouse	simple	0.2	0.2	20
8318704	16925335	mouse	simple	0.3	0.2	1
8318660	16925335	mouse	simple	0.3	0.2	2
8318640	16925335	mouse	simple	0.3	0.2	3
8318725	16925335	mouse	simple	0.3	0.2	4
8318773	16925335	mouse	simple	0.3	0.2	5
8318745	16925335	mouse	simple	0.3	0.2	6
8318752	16925335	mouse	simple	0.3	0.2	7
8318766	16925335	mouse	simple	0.3	0.2	8
8318629	16925335	mouse	simple	0.3	0.2	9
8318748	16925335	mouse	simple	0.3	0.2	10
8318928	16925335	mouse	simple	0.3	0.2	11
8318710	16925335	mouse	simple	0.3	0.2	12
8318703	16925335	mouse	simple	0.3	0.2	13
8318821	16925335	mouse	simple	0.3	0.2	14
8318698	16925335	mouse	simple	0.3	0.2	15
8318745	16925335	mouse	simple	0.3	0.2	16
8318667	16925335	mouse	simple	0.3	0.2	17
8318698	16925335	mouse	simple	0.3	0.2	18
8318723	16925335	mouse	simple	0.3	0.2	19
8318696	16925335	mouse	simple	0.3	0.2	20
9982465	20310402	mouse	simple	0.4	0.2	1
9982507	20310402	mouse	simple	0.4	0.2	2
9982483	20310402	mouse	simple	0.4	0.2	3
9982432	20310402	mouse	simple	0.4	0.2	4
9982525	20310402	mouse	simple	0.4	0.2	5
9982509	20310402	mouse	simple	0.4	0.2	6
9982338	20310402	mouse	simple	0.4	0.2	7
9982383	20310402	mouse	simple	0.4	0.2	8
9982438	20310402	mouse	simple	0.4	0.2	9
9982329	20310402	mouse	simple	0.4	0.2	10
9982542	20310402	mouse	simple	0.4	0.2	11
9982450	20310402	mouse	simple	0.4	0.2	12
9982421	20310402	mouse	simple	0.4	0.2	13
9982557	20310402	mouse	simple	0.4	0.2	14
9982504	20310402	mouse	simple	0.4	0.2	15
9982389	20310402	mouse	simple	0.4	0.2	16
9982689	20310402	mouse	simple	0.4	0.2	17
9982459	20310402	mouse	simple	0.4	0.2	18
9982562	20310402	mouse	simple	0.4	0.2	19
9982463	20310402	mouse	simple	0.4	0.2	20
11646504	23695966	mouse	simple	0.5	0.2	1
11646576	23695966	mouse	simple	0.5	0.2	2
11646518	23695966	mouse	simple	0.5	0.2	3
11646508	23695966	mouse	simple	0.5	0.2	4
11646565	23695966	mouse	simple	0.5	0.2	5
11646473	23695966	mouse	simple	0.5	0.2	6
11646414	23695966	mouse	simple	0.5	0.2	7
11646368	23695966	mouse	simple	0.5	0.2	8
11646437	23695966	mouse	simple	0.5	0.2	9
11646505	23695966	mouse	simple	0.5	0.2	10
11646533	23695966	mouse	simple	0.5	0.2	11
11646435	23695966	mouse	simple	0.5	0.2	12
11646439	23695966	mouse	simple	0.5	0.2	13
11646646	23695966	mouse	simple	0.5	0.2	14
11646487	23695966	mouse	simple	0.5	0.2	15
11646470	23695966	mouse	simple	0.5	0.2	16
11646491	23695966	mouse	simple	0.5	0.2	17
11646371	23695966	mouse	simple	0.5	0.2	18
11646621	23695966	mouse	simple	0.5	0.2	19
11646534	23695966	mouse	simple	0.5	0.2	20
13310311	27081033	mouse	simple	0.6	0.2	1
13310201	27081033	mouse	simple	0.6	0.2	2
13310090	27081033	mouse	simple	0.6	0.2	3
13310310	27081033	mouse	simple	0.6	0.2	4
13310330	27081033	mouse	simple	0.6	0.2	5
13310331	27081033	mouse	simple	0.6	0.2	6
13310192	27081033	mouse	simple	0.6	0.2	7
13310169	27081033	mouse	simple	0.6	0.2	8
13310183	27081033	mouse	simple	0.6	0.2	9
13310287	27081033	mouse	simple	0.6	0.2	10
13310280	27081033	mouse	simple	0.6	0.2	11
13310230	27081033	mouse	simple	0.6	0.2	12
13310247	27081033	mouse	simple	0.6	0.2	13
13310224	27081033	mouse	simple	0.6	0.2	14
13310214	27081033	mouse	simple	0.6	0.2	15
13310240	27081033	mouse	simple	0.6	0.2	16
13310233	27081033	mouse	simple	0.6	0.2	17
13310225	27081033	mouse	simple	0.6	0.2	18
13310216	27081033	mouse	simple	0.6	0.2	19
13310283	27081033	mouse	simple	0.6	0.2	20
14973969	30466100	mouse	simple	0.7	0.2	1
14973880	30466100	mouse	simple	0.7	0.2	2
14973877	30466100	mouse	simple	0.7	0.2	3
14974031	30466100	mouse	simple	0.7	0.2	4
14974088	30466100	mouse	simple	0.7	0.2	5
14974000	30466100	mouse	simple	0.7	0.2	6
14973905	30466100	mouse	simple	0.7	0.2	7
14973910	30466100	mouse	simple	0.7	0.2	8
14973932	30466100	mouse	simple	0.7	0.2	9
14973963	30466100	mouse	simple	0.7	0.2	10
14973940	30466100	mouse	simple	0.7	0.2	11
14973929	30466100	mouse	simple	0.7	0.2	12
14973865	30466100	mouse	simple	0.7	0.2	13
14973942	30466100	mouse	simple	0.7	0.2	14
14974045	30466100	mouse	simple	0.7	0.2	15
14973955	30466100	mouse	simple	0.7	0.2	16
14973937	30466100	mouse	simple	0.7	0.2	17
14973934	30466100	mouse	simple	0.7	0.2	18
14973975	30466100	mouse	simple	0.7	0.2	19
14974044	30466100	mouse	simple	0.7	0.2	20
16637708	33851167	mouse	simple	0.8	0.2	1
16637708	33851167	mouse	simple	0.8	0.2	2
16637708	33851167	mouse	simple	0.8	0.2	3
16637708	33851167	mouse	simple	0.8	0.2	4
16637708	33851167	mouse	simple	0.8	0.2	5
16637708	33851167	mouse	simple	0.8	0.2	6
16637708	33851167	mouse	simple	0.8	0.2	7
16637708	33851167	mouse	simple	0.8	0.2	8
16637708	33851167	mouse	simple	0.8	0.2	9
16637708	33851167	mouse	simple	0.8	0.2	10
16637708	33851167	mouse	simple	0.8	0.2	11
16637708	33851167	mouse	simple	0.8	0.2	12
16637708	33851167	mouse	simple	0.8	0.2	13
16637708	33851167	mouse	simple	0.8	0.2	14
16637708	33851167	mouse	simple	0.8	0.2	15
16637708	33851167	mouse	simple	0.8	0.2	16
16637708	33851167	mouse	simple	0.8	0.2	17
16637708	33851167	mouse	simple	0.8	0.2	18
16637708	33851167	mouse	simple	0.8	0.2	19
16637708	33851167	mouse	simple	0.8	0.2	20
4991310	10155201	mouse	abundance	0.1	0.2	1
4991310	10155201	mouse	abundance	0.1	0.2	2
4991370	10155201	mouse	abundance	0.1	0.2	3
4991371	10155201	mouse	abundance	0.1	0.2	4
4991521	10155201	mouse	abundance	0.1	0.2	5
4991510	10155201	mouse	abundance	0.1	0.2	6
4991434	10155201	mouse	abundance	0.1	0.2	7
4991351	10155201	mouse	abundance	0.1	0.2	8
4991390	10155201	mouse	abundance	0.1	0.2	9
4991390	10155201	mouse	abundance	0.1	0.2	10
4991468	10155201	mouse	abundance	0.1	0.2	11
4991458	10155201	mouse	abundance	0.1	0.2	12
4991383	10155201	mouse	abundance	0.1	0.2	13
4991561	10155201	mouse	abundance	0.1	0.2	14
4991578	10155201	mouse	abundance	0.1	0.2	15
4991441	10155201	mouse	abundance	0.1	0.2	16
4991440	10155201	mouse	abundance	0.1	0.2	17
4991446	10155201	mouse	abundance	0.1	0.2	18
4991545	10155201	mouse	abundance	0.1	0.2	19
4991565	10155201	mouse	abundance	0.1	0.2	20
6655105	13540268	mouse	abundance	0.2	0.2	1
6655236	13540268	mouse	abundance	0.2	0.2	2
6655135	13540268	mouse	abundance	0.2	0.2	3
6655199	13540268	mouse	abundance	0.2	0.2	4
6655254	13540268	mouse	abundance	0.2	0.2	5
6655055	13540268	mouse	abundance	0.2	0.2	6
6655182	13540268	mouse	abundance	0.2	0.2	7
6655185	13540268	mouse	abundance	0.2	0.2	8
6655167	13540268	mouse	abundance	0.2	0.2	9
6655167	13540268	mouse	abundance	0.2	0.2	10
6655023	13540268	mouse	abundance	0.2	0.2	11
6655221	13540268	mouse	abundance	0.2	0.2	12
6655177	13540268	mouse	abundance	0.2	0.2	13
6655130	13540268	mouse	abundance	0.2	0.2	14
6655206	13540268	mouse	abundance	0.2	0.2	15
6655227	13540268	mouse	abundance	0.2	0.2	16
6655305	13540268	mouse	abundance	0.2	0.2	17
6655157	13540268	mouse	abundance	0.2	0.2	18
6655109	13540268	mouse	abundance	0.2	0.2	19
6655147	13540268	mouse	abundance	0.2	0.2	20
8318951	16925335	mouse	abundance	0.3	0.2	1
8318881	16925335	mouse	abundance	0.3	0.2	2
8318886	16925335	mouse	abundance	0.3	0.2	3
8318856	16925335	mouse	abundance	0.3	0.2	4
8318968	16925335	mouse	abundance	0.3	0.2	5
8318873	16925335	mouse	abundance	0.3	0.2	6
8318916	16925335	mouse	abundance	0.3	0.2	7
8318911	16925335	mouse	abundance	0.3	0.2	8
8319054	16925335	mouse	abundance	0.3	0.2	9
8318784	16925335	mouse	abundance	0.3	0.2	10
8318943	16925335	mouse	abundance	0.3	0.2	11
8319060	16925335	mouse	abundance	0.3	0.2	12
8318938	16925335	mouse	abundance	0.3	0.2	13
8318991	16925335	mouse	abundance	0.3	0.2	14
8318841	16925335	mouse	abundance	0.3	0.2	15
8318838	16925335	mouse	abundance	0.3	0.2	16
8318993	16925335	mouse	abundance	0.3	0.2	17
8318942	16925335	mouse	abundance	0.3	0.2	18
8318845	16925335	mouse	abundance	0.3	0.2	19
8319119	16925335	mouse	abundance	0.3	0.2	20
9982805	20310402	mouse	abundance	0.4	0.2	1
9982497	20310402	mouse	abundance	0.4	0.2	2
9982686	20310402	mouse	abundance	0.4	0.2	3
9982731	20310402	mouse	abundance	0.4	0.2	4
9982708	20310402	mouse	abundance	0.4	0.2	5
9982674	20310402	mouse	abundance	0.4	0.2	6
9982653	20310402	mouse	abundance	0.4	0.2	7
9982648	20310402	mouse	abundance	0.4	0.2	8
9982567	20310402	mouse	abundance	0.4	0.2	9
9982703	20310402	mouse	abundance	0.4	0.2	10
9982553	20310402	mouse	abundance	0.4	0.2	11
9982666	20310402	mouse	abundance	0.4	0.2	12
9982552	20310402	mouse	abundance	0.4	0.2	13
9982592	20310402	mouse	abundance	0.4	0.2	14
9982575	20310402	mouse	abundance	0.4	0.2	15
9982641	20310402	mouse	abundance	0.4	0.2	16
9982566	20310402	mouse	abundance	0.4	0.2	17
9982558	20310402	mouse	abundance	0.4	0.2	18
9982621	20310402	mouse	abundance	0.4	0.2	19
9982676	20310402	mouse	abundance	0.4	0.2	20
11646542	23695966	mouse	abundance	0.5	0.2	1
11646514	23695966	mouse	abundance	0.5	0.2	2
11646604	23695966	mouse	abundance	0.5	0.2	3
11646521	23695966	mouse	abundance	0.5	0.2	4
11646589	23695966	mouse	abundance	0.5	0.2	5
11646606	23695966	mouse	abundance	0.5	0.2	6
11646510	23695966	mouse	abundance	0.5	0.2	7
11646708	23695966	mouse	abundance	0.5	0.2	8
11646622	23695966	mouse	abundance	0.5	0.2	9
11646745	23695966	mouse	abundance	0.5	0.2	10
11646534	23695966	mouse	abundance	0.5	0.2	11
11646583	23695966	mouse	abundance	0.5	0.2	12
11646555	23695966	mouse	abundance	0.5	0.2	13
11646672	23695966	mouse	abundance	0.5	0.2	14
11646570	23695966	mouse	abundance	0.5	0.2	15
11646765	23695966	mouse	abundance	0.5	0.2	16
11646657	23695966	mouse	abundance	0.5	0.2	17
11646579	23695966	mouse	abundance	0.5	0.2	18
11646666	23695966	mouse	abundance	0.5	0.2	19
11646625	23695966	mouse	abundance	0.5	0.2	20
13310235	27081033	mouse	abundance	0.6	0.2	1
13310390	27081033	mouse	abundance	0.6	0.2	2
13310333	27081033	mouse	abundance	0.6	0.2	3
13310169	27081033	mouse	abundance	0.6	0.2	4
13310304	27081033	mouse	abundance	0.6	0.2	5
13310242	27081033	mouse	abundance	0.6	0.2	6
13310460	27081033	mouse	abundance	0.6	0.2	7
13310290	27081033	mouse	abundance	0.6	0.2	8
13310355	27081033	mouse	abundance	0.6	0.2	9
13310269	27081033	mouse	abundance	0.6	0.2	10
13310192	27081033	mouse	abundance	0.6	0.2	11
13310241	27081033	mouse	abundance	0.6	0.2	12
13310333	27081033	mouse	abundance	0.6	0.2	13
13310259	27081033	mouse	abundance	0.6	0.2	14
13310296	27081033	mouse	abundance	0.6	0.2	15
13310253	27081033	mouse	abundance	0.6	0.2	16
13310264	27081033	mouse	abundance	0.6	0.2	17
13310324	27081033	mouse	abundance	0.6	0.2	18
13310265	27081033	mouse	abundance	0.6	0.2	19
13310278	27081033	mouse	abundance	0.6	0.2	20
14973969	30466100	mouse	abundance	0.7	0.2	1
14973983	30466100	mouse	abundance	0.7	0.2	2
14974010	30466100	mouse	abundance	0.7	0.2	3
14973926	30466100	mouse	abundance	0.7	0.2	4
14974017	30466100	mouse	abundance	0.7	0.2	5
14974021	30466100	mouse	abundance	0.7	0.2	6
14973987	30466100	mouse	abundance	0.7	0.2	7
14973901	30466100	mouse	abundance	0.7	0.2	8
14973996	30466100	mouse	abundance	0.7	0.2	9
14973921	30466100	mouse	abundance	0.7	0.2	10
14973978	30466100	mouse	abundance	0.7	0.2	11
14974041	30466100	mouse	abundance	0.7	0.2	12
14974011	30466100	mouse	abundance	0.7	0.2	13
14973963	30466100	mouse	abundance	0.7	0.2	14
14973970	30466100	mouse	abundance	0.7	0.2	15
14974035	30466100	mouse	abundance	0.7	0.2	16
14973933	30466100	mouse	abundance	0.7	0.2	17
14974033	30466100	mouse	abundance	0.7	0.2	18
14973961	30466100	mouse	abundance	0.7	0.2	19
14974005	30466100	mouse	abundance	0.7	0.2	20
16637708	33851167	mouse	abundance	0.8	0.2	1
16637708	33851167	mouse	abundance	0.8	0.2	2
16637708	33851167	mouse	abundance	0.8	0.2	3
16637708	33851167	mouse	abundance	0.8	0.2	4
16637708	33851167	mouse	abundance	0.8	0.2	5
16637708	33851167	mouse	abundance	0.8	0.2	6
16637708	33851167	mouse	abundance	0.8	0.2	7
16637708	33851167	mouse	abundance	0.8	0.2	8
16637708	33851167	mouse	abundance	0.8	0.2	9
16637708	33851167	mouse	abundance	0.8	0.2	10
16637708	33851167	mouse	abundance	0.8	0.2	11
16637708	33851167	mouse	abundance	0.8	0.2	12
16637708	33851167	mouse	abundance	0.8	0.2	13
16637708	33851167	mouse	abundance	0.8	0.2	14
16637708	33851167	mouse	abundance	0.8	0.2	15
16637708	33851167	mouse	abundance	0.8	0.2	16
16637708	33851167	mouse	abundance	0.8	0.2	17
16637708	33851167	mouse	abundance	0.8	0.2	18
16637708	33851167	mouse	abundance	0.8	0.2	19
16637708	33851167	mouse	abundance	0.8	0.2	20
4991818	10155201	mouse	distance	0.1	0.2	1
4991813	10155201	mouse	distance	0.1	0.2	2
4991747	10155201	mouse	distance	0.1	0.2	3
4991899	10155201	mouse	distance	0.1	0.2	4
4991694	10155201	mouse	distance	0.1	0.2	5
4991689	10155201	mouse	distance	0.1	0.2	6
4991770	10155201	mouse	distance	0.1	0.2	7
4991918	10155201	mouse	distance	0.1	0.2	8
4991868	10155201	mouse	distance	0.1	0.2	9
4991835	10155201	mouse	distance	0.1	0.2	10
4991852	10155201	mouse	distance	0.1	0.2	11
4991711	10155201	mouse	distance	0.1	0.2	12
4991664	10155201	mouse	distance	0.1	0.2	13
4991716	10155201	mouse	distance	0.1	0.2	14
4991844	10155201	mouse	distance	0.1	0.2	15
4991892	10155201	mouse	distance	0.1	0.2	16
4991803	10155201	mouse	distance	0.1	0.2	17
4991745	10155201	mouse	distance	0.1	0.2	18
4991775	10155201	mouse	distance	0.1	0.2	19
4991655	10155201	mouse	distance	0.1	0.2	20
6656130	13540268	mouse	distance	0.2	0.2	1
6656041	13540268	mouse	distance	0.2	0.2	2
6655969	13540268	mouse	distance	0.2	0.2	3
6656133	13540268	mouse	distance	0.2	0.2	4
6655993	13540268	mouse	distance	0.2	0.2	5
6655917	13540268	mouse	distance	0.2	0.2	6
6655957	13540268	mouse	distance	0.2	0.2	7
6656079	13540268	mouse	distance	0.2	0.2	8
6656231	13540268	mouse	distance	0.2	0.2	9
6655964	13540268	mouse	distance	0.2	0.2	10
6656126	13540268	mouse	distance	0.2	0.2	11
6655920	13540268	mouse	distance	0.2	0.2	12
6656127	13540268	mouse	distance	0.2	0.2	13
6656092	13540268	mouse	distance	0.2	0.2	14
6656060	13540268	mouse	distance	0.2	0.2	15
6656033	13540268	mouse	distance	0.2	0.2	16
6656001	13540268	mouse	distance	0.2	0.2	17
6655974	13540268	mouse	distance	0.2	0.2	18
6656169	13540268	mouse	distance	0.2	0.2	19
6656025	13540268	mouse	distance	0.2	0.2	20
8320156	16925335	mouse	distance	0.3	0.2	1
8320156	16925335	mouse	distance	0.3	0.2	2
8320134	16925335	mouse	distance	0.3	0.2	3
8320236	16925335	mouse	distance	0.3	0.2	4
8320181	16925335	mouse	distance	0.3	0.2	5
8320072	16925335	mouse	distance	0.3	0.2	6
8320277	16925335	mouse	distance	0.3	0.2	7
8320204	16925335	mouse	distance	0.3	0.2	8
8320192	16925335	mouse	distance	0.3	0.2	9
8320173	16925335	mouse	distance	0.3	0.2	10
8320155	16925335	mouse	distance	0.3	0.2	11
8320266	16925335	mouse	distance	0.3	0.2	12
8320243	16925335	mouse	distance	0.3	0.2	13
8320191	16925335	mouse	distance	0.3	0.2	14
8320074	16925335	mouse	distance	0.3	0.2	15
8320191	16925335	mouse	distance	0.3	0.2	16
8320284	16925335	mouse	distance	0.3	0.2	17
8320119	16925335	mouse	distance	0.3	0.2	18
8320024	16925335	mouse	distance	0.3	0.2	19
8320186	16925335	mouse	distance	0.3	0.2	20
9984074	20310402	mouse	distance	0.4	0.2	1
9984091	20310402	mouse	distance	0.4	0.2	2
9984199	20310402	mouse	distance	0.4	0.2	3
9984040	20310402	mouse	distance	0.4	0.2	4
9983939	20310402	mouse	distance	0.4	0.2	5
9984114	20310402	mouse	distance	0.4	0.2	6
9984165	20310402	mouse	distance	0.4	0.2	7
9984261	20310402	mouse	distance	0.4	0.2	8
9983999	20310402	mouse	distance	0.4	0.2	9
9984138	20310402	mouse	distance	0.4	0.2	10
9984189	20310402	mouse	distance	0.4	0.2	11
9983996	20310402	mouse	distance	0.4	0.2	12
9984249	20310402	mouse	distance	0.4	0.2	13
9984092	20310402	mouse	distance	0.4	0.2	14
9984052	20310402	mouse	distance	0.4	0.2	15
9984075	20310402	mouse	distance	0.4	0.2	16
9984255	20310402	mouse	distance	0.4	0.2	17
9984027	20310402	mouse	distance	0.4	0.2	18
9984117	20310402	mouse	distance	0.4	0.2	19
9984135	20310402	mouse	distance	0.4	0.2	20
11648052	23695966	mouse	distance	0.5	0.2	1
11647938	23695966	mouse	distance	0.5	0.2	2
11648024	23695966	mouse	distance	0.5	0.2	3
11648058	23695966	mouse	distance	0.5	0.2	4
11648000	23695966	mouse	distance	0.5	0.2	5
11647987	23695966	mouse	distance	0.5	0.2	6
11648104	23695966	mouse	distance	0.5	0.2	7
11648035	23695966	mouse	distance	0.5	0.2	8
11648049	23695966	mouse	distance	0.5	0.2	9
11647957	23695966	mouse	distance	0.5	0.2	10
11648005	23695966	mouse	distance	0.5	0.2	11
11647964	23695966	mouse	distance	0.5	0.2	12
11647942	23695966	mouse	distance	0.5	0.2	13
11647990	23695966	mouse	distance	0.5	0.2	14
11647969	23695966	mouse	distance	0.5	0.2	15
11647962	23695966	mouse	distance	0.5	0.2	16
11648120	23695966	mouse	distance	0.5	0.2	17
11648052	23695966	mouse	distance	0.5	0.2	18
11648012	23695966	mouse	distance	0.5	0.2	19
11647886	23695966	mouse	distance	0.5	0.2	20
13311313	27081033	mouse	distance	0.6	0.2	1
13311375	27081033	mouse	distance	0.6	0.2	2
13311372	27081033	mouse	distance	0.6	0.2	3
13311441	27081033	mouse	distance	0.6	0.2	4
13311368	27081033	mouse	distance	0.6	0.2	5
13311379	27081033	mouse	distance	0.6	0.2	6
13311350	27081033	mouse	distance	0.6	0.2	7
13311379	27081033	mouse	distance	0.6	0.2	8
13311378	27081033	mouse	distance	0.6	0.2	9
13311445	27081033	mouse	distance	0.6	0.2	10
13311405	27081033	mouse	distance	0.6	0.2	11
13311367	27081033	mouse	distance	0.6	0.2	12
13311357	27081033	mouse	distance	0.6	0.2	13
13311325	27081033	mouse	distance	0.6	0.2	14
13311431	27081033	mouse	distance	0.6	0.2	15
13311440	27081033	mouse	distance	0.6	0.2	16
13311380	27081033	mouse	distance	0.6	0.2	17
13311429	27081033	mouse	distance	0.6	0.2	18
13311346	27081033	mouse	distance	0.6	0.2	19
13311343	27081033	mouse	distance	0.6	0.2	20
14974548	30466100	mouse	distance	0.7	0.2	1
14974667	30466100	mouse	distance	0.7	0.2	2
14974602	30466100	mouse	distance	0.7	0.2	3
14974622	30466100	mouse	distance	0.7	0.2	4
14974625	30466100	mouse	distance	0.7	0.2	5
14974560	30466100	mouse	distance	0.7	0.2	6
14974594	30466100	mouse	distance	0.7	0.2	7
14974648	30466100	mouse	distance	0.7	0.2	8
14974589	30466100	mouse	distance	0.7	0.2	9
14974562	30466100	mouse	distance	0.7	0.2	10
14974599	30466100	mouse	distance	0.7	0.2	11
14974554	30466100	mouse	distance	0.7	0.2	12
14974614	30466100	mouse	distance	0.7	0.2	13
14974616	30466100	mouse	distance	0.7	0.2	14
14974566	30466100	mouse	distance	0.7	0.2	15
14974537	30466100	mouse	distance	0.7	0.2	16
14974638	30466100	mouse	distance	0.7	0.2	17
14974579	30466100	mouse	distance	0.7	0.2	18
14974600	30466100	mouse	distance	0.7	0.2	19
14974541	30466100	mouse	distance	0.7	0.2	20
16637708	33851167	mouse	distance	0.8	0.2	1
16637708	33851167	mouse	distance	0.8	0.2	2
16637708	33851167	mouse	distance	0.8	0.2	3
16637708	33851167	mouse	distance	0.8	0.2	4
16637708	33851167	mouse	distance	0.8	0.2	5
16637708	33851167	mouse	distance	0.8	0.2	6
16637708	33851167	mouse	distance	0.8	0.2	7
16637708	33851167	mouse	distance	0.8	0.2	8
16637708	33851167	mouse	distance	0.8	0.2	9
16637708	33851167	mouse	distance	0.8	0.2	10
16637708	33851167	mouse	distance	0.8	0.2	11
16637708	33851167	mouse	distance	0.8	0.2	12
16637708	33851167	mouse	distance	0.8	0.2	13
16637708	33851167	mouse	distance	0.8	0.2	14
16637708	33851167	mouse	distance	0.8	0.2	15
16637708	33851167	mouse	distance	0.8	0.2	16
16637708	33851167	mouse	distance	0.8	0.2	17
16637708	33851167	mouse	distance	0.8	0.2	18
16637708	33851167	mouse	distance	0.8	0.2	19
16637708	33851167	mouse	distance	0.8	0.2	20
26762971	43445234	soil	simple	0.1	0.2	1
26762724	43445234	soil	simple	0.1	0.2	2
26762772	43445234	soil	simple	0.1	0.2	3
26762719	43445234	soil	simple	0.1	0.2	4
26763153	43445234	soil	simple	0.1	0.2	5
26762846	43445234	soil	simple	0.1	0.2	6
26762717	43445234	soil	simple	0.1	0.2	7
26762733	43445234	soil	simple	0.1	0.2	8
26763184	43445234	soil	simple	0.1	0.2	9
26762596	43445234	soil	simple	0.1	0.2	10
26762911	43445234	soil	simple	0.1	0.2	11
26762879	43445234	soil	simple	0.1	0.2	12
26762690	43445234	soil	simple	0.1	0.2	13
26762957	43445234	soil	simple	0.1	0.2	14
26762981	43445234	soil	simple	0.1	0.2	15
26762926	43445234	soil	simple	0.1	0.2	16
26762743	43445234	soil	simple	0.1	0.2	17
26762967	43445234	soil	simple	0.1	0.2	18
26762888	43445234	soil	simple	0.1	0.2	19
26762653	43445234	soil	simple	0.1	0.2	20
35684596	57927418	soil	simple	0.2	0.2	1
35684092	57927418	soil	simple	0.2	0.2	2
35684362	57927418	soil	simple	0.2	0.2	3
35684199	57927418	soil	simple	0.2	0.2	4
35684177	57927418	soil	simple	0.2	0.2	5
35683883	57927418	soil	simple	0.2	0.2	6
35684648	57927418	soil	simple	0.2	0.2	7
35684211	57927418	soil	simple	0.2	0.2	8
35684533	57927418	soil	simple	0.2	0.2	9
35683884	57927418	soil	simple	0.2	0.2	10
35683986	57927418	soil	simple	0.2	0.2	11
35684362	57927418	soil	simple	0.2	0.2	12
35683940	57927418	soil	simple	0.2	0.2	13
35684149	57927418	soil	simple	0.2	0.2	14
35684380	57927418	soil	simple	0.2	0.2	15
35684060	57927418	soil	simple	0.2	0.2	16
35684137	57927418	soil	simple	0.2	0.2	17
35683946	57927418	soil	simple	0.2	0.2	18
35684002	57927418	soil	simple	0.2	0.2	19
35684125	57927418	soil	simple	0.2	0.2	20
44605298	72408943	soil	simple	0.3	0.2	1
44604739	72408943	soil	simple	0.3	0.2	2
44604808	72408943	soil	simple	0.3	0.2	3
44604742	72408943	soil	simple	0.3	0.2	4
44605115	72408943	soil	simple	0.3	0.2	5
44605278	72408943	soil	simple	0.3	0.2	6
44605220	72408943	soil	simple	0.3	0.2	7
44605573	72408943	soil	simple	0.3	0.2	8
44605618	72408943	soil	simple	0.3	0.2	9
44604726	72408943	soil	simple	0.3	0.2	10
44604755	72408943	soil	simple	0.3	0.2	11
44604791	72408943	soil	simple	0.3	0.2	12
44605166	72408943	soil	simple	0.3	0.2	13
44605396	72408943	soil	simple	0.3	0.2	14
44604964	72408943	soil	simple	0.3	0.2	15
44604960	72408943	soil	simple	0.3	0.2	16
44605241	72408943	soil	simple	0.3	0.2	17
44604973	72408943	soil	simple	0.3	0.2	18
44605015	72408943	soil	simple	0.3	0.2	19
44604941	72408943	soil	simple	0.3	0.2	20
53526584	86891127	soil	simple	0.4	0.2	1
53525898	86891127	soil	simple	0.4	0.2	2
53526548	86891127	soil	simple	0.4	0.2	3
53526216	86891127	soil	simple	0.4	0.2	4
53526313	86891127	soil	simple	0.4	0.2	5
53526372	86891127	soil	simple	0.4	0.2	6
53526231	86891127	soil	simple	0.4	0.2	7
53526436	86891127	soil	simple	0.4	0.2	8
53527005	86891127	soil	simple	0.4	0.2	9
53526007	86891127	soil	simple	0.4	0.2	10
53526055	86891127	soil	simple	0.4	0.2	11
53526097	86891127	soil	simple	0.4	0.2	12
53526436	86891127	soil	simple	0.4	0.2	13
53526698	86891127	soil	simple	0.4	0.2	14
53526249	86891127	soil	simple	0.4	0.2	15
53525941	86891127	soil	simple	0.4	0.2	16
53526193	86891127	soil	simple	0.4	0.2	17
53526445	86891127	soil	simple	0.4	0.2	18
53526519	86891127	soil	simple	0.4	0.2	19
53526568	86891127	soil	simple	0.4	0.2	20
62447225	101372652	soil	simple	0.5	0.2	1
62447172	101372652	soil	simple	0.5	0.2	2
62447024	101372652	soil	simple	0.5	0.2	3
62447177	101372652	soil	simple	0.5	0.2	4
62447317	101372652	soil	simple	0.5	0.2	5
62446768	101372652	soil	simple	0.5	0.2	6
62447129	101372652	soil	simple	0.5	0.2	7
62447282	101372652	soil	simple	0.5	0.2	8
62447367	101372652	soil	simple	0.5	0.2	9
62447548	101372652	soil	simple	0.5	0.2	10
62447362	101372652	soil	simple	0.5	0.2	11
62447336	101372652	soil	simple	0.5	0.2	12
62447150	101372652	soil	simple	0.5	0.2	13
62447214	101372652	soil	simple	0.5	0.2	14
62447055	101372652	soil	simple	0.5	0.2	15
62446960	101372652	soil	simple	0.5	0.2	16
62447268	101372652	soil	simple	0.5	0.2	17
62447793	101372652	soil	simple	0.5	0.2	18
62447018	101372652	soil	simple	0.5	0.2	19
62447217	101372652	soil	simple	0.5	0.2	20
71368107	115854177	soil	simple	0.6	0.2	1
71367969	115854177	soil	simple	0.6	0.2	2
71367820	115854177	soil	simple	0.6	0.2	3
71368292	115854177	soil	simple	0.6	0.2	4
71368365	115854177	soil	simple	0.6	0.2	5
71367955	115854177	soil	simple	0.6	0.2	6
71368172	115854177	soil	simple	0.6	0.2	7
71368098	115854177	soil	simple	0.6	0.2	8
71368324	115854177	soil	simple	0.6	0.2	9
71368377	115854177	soil	simple	0.6	0.2	10
71368215	115854177	soil	simple	0.6	0.2	11
71367876	115854177	soil	simple	0.6	0.2	12
71367762	115854177	soil	simple	0.6	0.2	13
71368035	115854177	soil	simple	0.6	0.2	14
71367909	115854177	soil	simple	0.6	0.2	15
71367848	115854177	soil	simple	0.6	0.2	16
71367934	115854177	soil	simple	0.6	0.2	17
71368267	115854177	soil	simple	0.6	0.2	18
71367653	115854177	soil	simple	0.6	0.2	19
71367756	115854177	soil	simple	0.6	0.2	20
80289164	130336361	soil	simple	0.7	0.2	1
80289286	130336361	soil	simple	0.7	0.2	2
80289324	130336361	soil	simple	0.7	0.2	3
80289348	130336361	soil	simple	0.7	0.2	4
80289635	130336361	soil	simple	0.7	0.2	5
80289158	130336361	soil	simple	0.7	0.2	6
80289276	130336361	soil	simple	0.7	0.2	7
80289219	130336361	soil	simple	0.7	0.2	8
80289300	130336361	soil	simple	0.7	0.2	9
80289406	130336361	soil	simple	0.7	0.2	10
80289122	130336361	soil	simple	0.7	0.2	11
80289352	130336361	soil	simple	0.7	0.2	12
80289377	130336361	soil	simple	0.7	0.2	13
80289273	130336361	soil	simple	0.7	0.2	14
80288978	130336361	soil	simple	0.7	0.2	15
80288988	130336361	soil	simple	0.7	0.2	16
80289168	130336361	soil	simple	0.7	0.2	17
80289169	130336361	soil	simple	0.7	0.2	18
80289409	130336361	soil	simple	0.7	0.2	19
80289272	130336361	soil	simple	0.7	0.2	20
89210119	144817886	soil	simple	0.8	0.2	1
89210119	144817886	soil	simple	0.8	0.2	2
89210119	144817886	soil	simple	0.8	0.2	3
89210119	144817886	soil	simple	0.8	0.2	4
89210119	144817886	soil	simple	0.8	0.2	5
89210119	144817886	soil	simple	0.8	0.2	6
89210119	144817886	soil	simple	0.8	0.2	7
89210119	144817886	soil	simple	0.8	0.2	8
89210119	144817886	soil	simple	0.8	0.2	9
89210119	144817886	soil	simple	0.8	0.2	10
89210119	144817886	soil	simple	0.8	0.2	11
89210119	144817886	soil	simple	0.8	0.2	12
89210119	144817886	soil	simple	0.8	0.2	13
89210119	144817886	soil	simple	0.8	0.2	14
89210119	144817886	soil	simple	0.8	0.2	15
89210119	144817886	soil	simple	0.8	0.2	16
89210119	144817886	soil	simple	0.8	0.2	17
89210119	144817886	soil	simple	0.8	0.2	18
89210119	144817886	soil	simple	0.8	0.2	19
89210119	144817886	soil	simple	0.8	0.2	20
26763072	43445234	soil	abundance	0.1	0.2	1
26762858	43445234	soil	abundance	0.1	0.2	2
26763076	43445234	soil	abundance	0.1	0.2	3
26763183	43445234	soil	abundance	0.1	0.2	4
26763147	43445234	soil	abundance	0.1	0.2	5
26763216	43445234	soil	abundance	0.1	0.2	6
26762882	43445234	soil	abundance	0.1	0.2	7
26763051	43445234	soil	abundance	0.1	0.2	8
26762986	43445234	soil	abundance	0.1	0.2	9
26762811	43445234	soil	abundance	0.1	0.2	10
26763483	43445234	soil	abundance	0.1	0.2	11
26762864	43445234	soil	abundance	0.1	0.2	12
26762579	43445234	soil	abundance	0.1	0.2	13
26763527	43445234	soil	abundance	0.1	0.2	14
26762908	43445234	soil	abundance	0.1	0.2	15
26762836	43445234	soil	abundance	0.1	0.2	16
26763180	43445234	soil	abundance	0.1	0.2	17
26763135	43445234	soil	abundance	0.1	0.2	18
26763270	43445234	soil	abundance	0.1	0.2	19
26762982	43445234	soil	abundance	0.1	0.2	20
35684200	57927418	soil	abundance	0.2	0.2	1
35684362	57927418	soil	abundance	0.2	0.2	2
35684386	57927418	soil	abundance	0.2	0.2	3
35684655	57927418	soil	abundance	0.2	0.2	4
35684276	57927418	soil	abundance	0.2	0.2	5
35684587	57927418	soil	abundance	0.2	0.2	6
35683890	57927418	soil	abundance	0.2	0.2	7
35684965	57927418	soil	abundance	0.2	0.2	8
35683805	57927418	soil	abundance	0.2	0.2	9
35684095	57927418	soil	abundance	0.2	0.2	10
35684204	57927418	soil	abundance	0.2	0.2	11
35684307	57927418	soil	abundance	0.2	0.2	12
35684190	57927418	soil	abundance	0.2	0.2	13
35684661	57927418	soil	abundance	0.2	0.2	14
35684389	57927418	soil	abundance	0.2	0.2	15
35683863	57927418	soil	abundance	0.2	0.2	16
35683773	57927418	soil	abundance	0.2	0.2	17
35684226	57927418	soil	abundance	0.2	0.2	18
35684410	57927418	soil	abundance	0.2	0.2	19
35684920	57927418	soil	abundance	0.2	0.2	20
44605198	72408943	soil	abundance	0.3	0.2	1
44605247	72408943	soil	abundance	0.3	0.2	2
44604908	72408943	soil	abundance	0.3	0.2	3
44605249	72408943	soil	abundance	0.3	0.2	4
44605656	72408943	soil	abundance	0.3	0.2	5
44605235	72408943	soil	abundance	0.3	0.2	6
44605026	72408943	soil	abundance	0.3	0.2	7
44605470	72408943	soil	abundance	0.3	0.2	8
44605071	72408943	soil	abundance	0.3	0.2	9
44605619	72408943	soil	abundance	0.3	0.2	10
44605403	72408943	soil	abundance	0.3	0.2	11
44605241	72408943	soil	abundance	0.3	0.2	12
44605541	72408943	soil	abundance	0.3	0.2	13
44605591	72408943	soil	abundance	0.3	0.2	14
44604845	72408943	soil	abundance	0.3	0.2	15
44605234	72408943	soil	abundance	0.3	0.2	16
44605302	72408943	soil	abundance	0.3	0.2	17
44605524	72408943	soil	abundance	0.3	0.2	18
44605331	72408943	soil	abundance	0.3	0.2	19
44604861	72408943	soil	abundance	0.3	0.2	20
53526552	86891127	soil	abundance	0.4	0.2	1
53526398	86891127	soil	abundance	0.4	0.2	2
53526721	86891127	soil	abundance	0.4	0.2	3
53526420	86891127	soil	abundance	0.4	0.2	4
53526427	86891127	soil	abundance	0.4	0.2	5
53526866	86891127	soil	abundance	0.4	0.2	6
53526405	86891127	soil	abundance	0.4	0.2	7
53526633	86891127	soil	abundance	0.4	0.2	8
53526405	86891127	soil	abundance	0.4	0.2	9
53526484	86891127	soil	abundance	0.4	0.2	10
53526151	86891127	soil	abundance	0.4	0.2	11
53526981	86891127	soil	abundance	0.4	0.2	12
53526326	86891127	soil	abundance	0.4	0.2	13
53526496	86891127	soil	abundance	0.4	0.2	14
53526596	86891127	soil	abundance	0.4	0.2	15
53526398	86891127	soil	abundance	0.4	0.2	16
53526445	86891127	soil	abundance	0.4	0.2	17
53526039	86891127	soil	abundance	0.4	0.2	18
53526384	86891127	soil	abundance	0.4	0.2	19
53526568	86891127	soil	abundance	0.4	0.2	20
62446974	101372652	soil	abundance	0.5	0.2	1
62447308	101372652	soil	abundance	0.5	0.2	2
62447315	101372652	soil	abundance	0.5	0.2	3
62447037	101372652	soil	abundance	0.5	0.2	4
62446965	101372652	soil	abundance	0.5	0.2	5
62447560	101372652	soil	abundance	0.5	0.2	6
62447488	101372652	soil	abundance	0.5	0.2	7
62447388	101372652	soil	abundance	0.5	0.2	8
62446925	101372652	soil	abundance	0.5	0.2	9
62446883	101372652	soil	abundance	0.5	0.2	10
62447561	101372652	soil	abundance	0.5	0.2	11
62447327	101372652	soil	abundance	0.5	0.2	12
62447411	101372652	soil	abundance	0.5	0.2	13
62446891	101372652	soil	abundance	0.5	0.2	14
62447363	101372652	soil	abundance	0.5	0.2	15
62447166	101372652	soil	abundance	0.5	0.2	16
62447172	101372652	soil	abundance	0.5	0.2	17
62447391	101372652	soil	abundance	0.5	0.2	18
62447456	101372652	soil	abundance	0.5	0.2	19
62446698	101372652	soil	abundance	0.5	0.2	20
71367830	115854177	soil	abundance	0.6	0.2	1
71367929	115854177	soil	abundance	0.6	0.2	2
71367952	115854177	soil	abundance	0.6	0.2	3
71367768	115854177	soil	abundance	0.6	0.2	4
71367948	115854177	soil	abundance	0.6	0.2	5
71368373	115854177	soil	abundance	0.6	0.2	6
71367833	115854177	soil	abundance	0.6	0.2	7
71368058	115854177	soil	abundance	0.6	0.2	8
71367939	115854177	soil	abundance	0.6	0.2	9
71368030	115854177	soil	abundance	0.6	0.2	10
71368017	115854177	soil	abundance	0.6	0.2	11
71368247	115854177	soil	abundance	0.6	0.2	12
71368150	115854177	soil	abundance	0.6	0.2	13
71367994	115854177	soil	abundance	0.6	0.2	14
71367821	115854177	soil	abundance	0.6	0.2	15
71368623	115854177	soil	abundance	0.6	0.2	16
71367922	115854177	soil	abundance	0.6	0.2	17
71368063	115854177	soil	abundance	0.6	0.2	18
71368095	115854177	soil	abundance	0.6	0.2	19
71368006	115854177	soil	abundance	0.6	0.2	20
80289240	130336361	soil	abundance	0.7	0.2	1
80289611	130336361	soil	abundance	0.7	0.2	2
80289469	130336361	soil	abundance	0.7	0.2	3
80289219	130336361	soil	abundance	0.7	0.2	4
80289248	130336361	soil	abundance	0.7	0.2	5
80289313	130336361	soil	abundance	0.7	0.2	6
80289545	130336361	soil	abundance	0.7	0.2	7
80289427	130336361	soil	abundance	0.7	0.2	8
80289215	130336361	soil	abundance	0.7	0.2	9
80289272	130336361	soil	abundance	0.7	0.2	10
80289268	130336361	soil	abundance	0.7	0.2	11
80289361	130336361	soil	abundance	0.7	0.2	12
80289253	130336361	soil	abundance	0.7	0.2	13
80289405	130336361	soil	abundance	0.7	0.2	14
80289193	130336361	soil	abundance	0.7	0.2	15
80289227	130336361	soil	abundance	0.7	0.2	16
80288893	130336361	soil	abundance	0.7	0.2	17
80289489	130336361	soil	abundance	0.7	0.2	18
80289529	130336361	soil	abundance	0.7	0.2	19
80289399	130336361	soil	abundance	0.7	0.2	20
89210119	144817886	soil	abundance	0.8	0.2	1
89210119	144817886	soil	abundance	0.8	0.2	2
89210119	144817886	soil	abundance	0.8	0.2	3
89210119	144817886	soil	abundance	0.8	0.2	4
89210119	144817886	soil	abundance	0.8	0.2	5
89210119	144817886	soil	abundance	0.8	0.2	6
89210119	144817886	soil	abundance	0.8	0.2	7
89210119	144817886	soil	abundance	0.8	0.2	8
89210119	144817886	soil	abundance	0.8	0.2	9
89210119	144817886	soil	abundance	0.8	0.2	10
89210119	144817886	soil	abundance	0.8	0.2	11
89210119	144817886	soil	abundance	0.8	0.2	12
89210119	144817886	soil	abundance	0.8	0.2	13
89210119	144817886	soil	abundance	0.8	0.2	14
89210119	144817886	soil	abundance	0.8	0.2	15
89210119	144817886	soil	abundance	0.8	0.2	16
89210119	144817886	soil	abundance	0.8	0.2	17
89210119	144817886	soil	abundance	0.8	0.2	18
89210119	144817886	soil	abundance	0.8	0.2	19
89210119	144817886	soil	abundance	0.8	0.2	20
26763379	43445234	soil	distance	0.1	0.2	1
26763475	43445234	soil	distance	0.1	0.2	2
26763605	43445234	soil	distance	0.1	0.2	3
26763842	43445234	soil	distance	0.1	0.2	4
26763291	43445234	soil	distance	0.1	0.2	5
26763525	43445234	soil	distance	0.1	0.2	6
26763381	43445234	soil	distance	0.1	0.2	7
26763377	43445234	soil	distance	0.1	0.2	8
26763240	43445234	soil	distance	0.1	0.2	9
26763203	43445234	soil	distance	0.1	0.2	10
26763545	43445234	soil	distance	0.1	0.2	11
26763711	43445234	soil	distance	0.1	0.2	12
26763460	43445234	soil	distance	0.1	0.2	13
26763427	43445234	soil	distance	0.1	0.2	14
26763331	43445234	soil	distance	0.1	0.2	15
26763515	43445234	soil	distance	0.1	0.2	16
26763532	43445234	soil	distance	0.1	0.2	17
26763379	43445234	soil	distance	0.1	0.2	18
26763758	43445234	soil	distance	0.1	0.2	19
26763365	43445234	soil	distance	0.1	0.2	20
35684616	57927418	soil	distance	0.2	0.2	1
35684963	57927418	soil	distance	0.2	0.2	2
35684895	57927418	soil	distance	0.2	0.2	3
35684636	57927418	soil	distance	0.2	0.2	4
35685004	57927418	soil	distance	0.2	0.2	5
35685063	57927418	soil	distance	0.2	0.2	6
35684875	57927418	soil	distance	0.2	0.2	7
35684581	57927418	soil	distance	0.2	0.2	8
35684840	57927418	soil	distance	0.2	0.2	9
35684990	57927418	soil	distance	0.2	0.2	10
35685195	57927418	soil	distance	0.2	0.2	11
35685152	57927418	soil	distance	0.2	0.2	12
35684994	57927418	soil	distance	0.2	0.2	13
35684901	57927418	soil	distance	0.2	0.2	14
35684650	57927418	soil	distance	0.2	0.2	15
35685106	57927418	soil	distance	0.2	0.2	16
35685188	57927418	soil	distance	0.2	0.2	17
35684663	57927418	soil	distance	0.2	0.2	18
35684682	57927418	soil	distance	0.2	0.2	19
35684896	57927418	soil	distance	0.2	0.2	20
44605422	72408943	soil	distance	0.3	0.2	1
44605542	72408943	soil	distance	0.3	0.2	2
44605659	72408943	soil	distance	0.3	0.2	3
44605694	72408943	soil	distance	0.3	0.2	4
44605467	72408943	soil	distance	0.3	0.2	5
44605612	72408943	soil	distance	0.3	0.2	6
44605903	72408943	soil	distance	0.3	0.2	7
44605836	72408943	soil	distance	0.3	0.2	8
44605477	72408943	soil	distance	0.3	0.2	9
44605699	72408943	soil	distance	0.3	0.2	10
44605717	72408943	soil	distance	0.3	0.2	11
44605461	72408943	soil	distance	0.3	0.2	12
44606060	72408943	soil	distance	0.3	0.2	13
44605496	72408943	soil	distance	0.3	0.2	14
44605625	72408943	soil	distance	0.3	0.2	15
44605717	72408943	soil	distance	0.3	0.2	16
44605085	72408943	soil	distance	0.3	0.2	17
44605764	72408943	soil	distance	0.3	0.2	18
44605238	72408943	soil	distance	0.3	0.2	19
44605611	72408943	soil	distance	0.3	0.2	20
53526966	86891127	soil	distance	0.4	0.2	1
53526355	86891127	soil	distance	0.4	0.2	2
53526645	86891127	soil	distance	0.4	0.2	3
53526094	86891127	soil	distance	0.4	0.2	4
53526999	86891127	soil	distance	0.4	0.2	5
53526039	86891127	soil	distance	0.4	0.2	6
53526293	86891127	soil	distance	0.4	0.2	7
53526576	86891127	soil	distance	0.4	0.2	8
53526759	86891127	soil	distance	0.4	0.2	9
53526396	86891127	soil	distance	0.4	0.2	10
53526467	86891127	soil	distance	0.4	0.2	11
53526431	86891127	soil	distance	0.4	0.2	12
53526885	86891127	soil	distance	0.4	0.2	13
53526977	86891127	soil	distance	0.4	0.2	14
53526700	86891127	soil	distance	0.4	0.2	15
53526126	86891127	soil	distance	0.4	0.2	16
53526581	86891127	soil	distance	0.4	0.2	17
53526867	86891127	soil	distance	0.4	0.2	18
53526896	86891127	soil	distance	0.4	0.2	19
53527016	86891127	soil	distance	0.4	0.2	20
62447553	101372652	soil	distance	0.5	0.2	1
62447855	101372652	soil	distance	0.5	0.2	2
62447476	101372652	soil	distance	0.5	0.2	3
62447349	101372652	soil	distance	0.5	0.2	4
62447188	101372652	soil	distance	0.5	0.2	5
62447522	101372652	soil	distance	0.5	0.2	6
62447378	101372652	soil	distance	0.5	0.2	7
62447429	101372652	soil	distance	0.5	0.2	8
62447542	101372652	soil	distance	0.5	0.2	9
62446922	101372652	soil	distance	0.5	0.2	10
62447058	101372652	soil	distance	0.5	0.2	11
62447110	101372652	soil	distance	0.5	0.2	12
62447190	101372652	soil	distance	0.5	0.2	13
62446945	101372652	soil	distance	0.5	0.2	14
62447693	101372652	soil	distance	0.5	0.2	15
62447455	101372652	soil	distance	0.5	0.2	16
62447303	101372652	soil	distance	0.5	0.2	17
62447020	101372652	soil	distance	0.5	0.2	18
62447618	101372652	soil	distance	0.5	0.2	19
62447287	101372652	soil	distance	0.5	0.2	20
71367857	115854177	soil	distance	0.6	0.2	1
71367947	115854177	soil	distance	0.6	0.2	2
71368208	115854177	soil	distance	0.6	0.2	3
71367997	115854177	soil	distance	0.6	0.2	4
71367983	115854177	soil	distance	0.6	0.2	5
71368062	115854177	soil	distance	0.6	0.2	6
71367979	115854177	soil	distance	0.6	0.2	7
71367961	115854177	soil	distance	0.6	0.2	8
71368070	115854177	soil	distance	0.6	0.2	9
71368315	115854177	soil	distance	0.6	0.2	10
71367770	115854177	soil	distance	0.6	0.2	11
71367848	115854177	soil	distance	0.6	0.2	12
71367630	115854177	soil	distance	0.6	0.2	13
71368434	115854177	soil	distance	0.6	0.2	14
71368026	115854177	soil	distance	0.6	0.2	15
71368191	115854177	soil	distance	0.6	0.2	16
71367916	115854177	soil	distance	0.6	0.2	17
71367888	115854177	soil	distance	0.6	0.2	18
71367988	115854177	soil	distance	0.6	0.2	19
71368348	115854177	soil	distance	0.6	0.2	20
80289102	130336361	soil	distance	0.7	0.2	1
80289127	130336361	soil	distance	0.7	0.2	2
80289019	130336361	soil	distance	0.7	0.2	3
80289050	130336361	soil	distance	0.7	0.2	4
80289411	130336361	soil	distance	0.7	0.2	5
80289484	130336361	soil	distance	0.7	0.2	6
80289202	130336361	soil	distance	0.7	0.2	7
80289338	130336361	soil	distance	0.7	0.2	8
80289068	130336361	soil	distance	0.7	0.2	9
80289476	130336361	soil	distance	0.7	0.2	10
80289049	130336361	soil	distance	0.7	0.2	11
80288797	130336361	soil	distance	0.7	0.2	12
80289066	130336361	soil	distance	0.7	0.2	13
80289558	130336361	soil	distance	0.7	0.2	14
80289143	130336361	soil	distance	0.7	0.2	15
80289128	130336361	soil	distance	0.7	0.2	16
80289454	130336361	soil	distance	0.7	0.2	17
80289280	130336361	soil	distance	0.7	0.2	18
80289304	130336361	soil	distance	0.7	0.2	19
80289240	130336361	soil	distance	0.7	0.2	20
89210119	144817886	soil	distance	0.8	0.2	1
89210119	144817886	soil	distance	0.8	0.2	2
89210119	144817886	soil	distance	0.8	0.2	3
89210119	144817886	soil	distance	0.8	0.2	4
89210119	144817886	soil	distance	0.8	0.2	5
89210119	144817886	soil	distance	0.8	0.2	6
89210119	144817886	soil	distance	0.8	0.2	7
89210119	144817886	soil	distance	0.8	0.2	8
89210119	144817886	soil	distance	0.8	0.2	9
89210119	144817886	soil	distance	0.8	0.2	10
89210119	144817886	soil	distance	0.8	0.2	11
89210119	144817886	soil	distance	0.8	0.2	12
89210119	144817886	soil	distance	0.8	0.2	13
89210119	144817886	soil	distance	0.8	0.2	14
89210119	144817886	soil	distance	0.8	0.2	15
89210119	144817886	soil	distance	0.8	0.2	16
89210119	144817886	soil	distance	0.8	0.2	17
89210119	144817886	soil	distance	0.8	0.2	18
89210119	144817886	soil	distance	0.8	0.2	19
89210119	144817886	soil	distance	0.8	0.2	20
