label	cutoff	tp	tn	fp	fn	sensitivity	specificity	ppv	npv	fdr	accuracy	mcc	f1score	s	h:m:s	max_rss	max_vms	max_uss	max_pss	io_in	io_out	mean_load	dataset	ref	region	seed	method	printref	tool
0.03	0.03	34700800	8695200000	3820090	5953620	0.853555	0.999561	0.900831	0.999316	0.900831	0.998882	0.876316	0.876556	414.2168	00:06:54	3782.7	4202.68	3780.64	3780.71	1710.2	2.29	0	human	NA	NA	1	de_novo	NA	mothur
0.03	0.03	34728500	8695180000	3845180	5925870	0.854238	0.999558	0.900316	0.999319	0.900316	0.998882	0.876416	0.876672	388.3229	00:06:28	3786.94	4202.68	3784.23	3784.6	1721.7	2.29	0	human	NA	NA	2	de_novo	NA	mothur
0.03	0.03	34696000	8695210000	3807760	5958440	0.853437	0.999562	0.901107	0.999315	0.901107	0.998883	0.87639	0.876624	484.0942	00:08:04	3786.95	4202.68	3784.31	3784.92	1721.7	2.29	0	human	NA	NA	3	de_novo	NA	mothur
0.03	0.03	34728900	8695180000	3844660	5925470	0.854248	0.999558	0.900329	0.999319	0.900329	0.998882	0.876427	0.876683	460.5582	00:07:40	3785.36	4202.16	3779.78	3781.04	565.14	0.06	0	human	NA	NA	4	de_novo	NA	mothur
0.03	0.03	34655100	8695250000	3768450	5999290	0.852432	0.999567	0.901923	0.999311	0.901923	0.998882	0.876271	0.87648	443.1691	00:07:23	3783.03	4202.68	3778.86	3780.05	1699.24	2.3	0	human	NA	NA	5	de_novo	NA	mothur
0.03	0.03	34733100	8695170000	3849440	5921280	0.854351	0.999557	0.900229	0.999319	0.900229	0.998882	0.876431	0.87669	497.1366	00:08:17	3786.95	4202.68	3784.31	3784.91	1721.7	2.29	0	human	NA	NA	6	de_novo	NA	mothur
0.03	0.03	33817000	8695920000	3106080	6837390	0.831817	0.999643	0.915877	0.999214	0.915877	0.998862	0.872274	0.871825	417.3017	00:06:57	3782.7	4202.68	3778.9	3779.54	1705.16	2.29	0	human	NA	NA	7	de_novo	NA	mothur
0.03	0.03	34707400	8695200000	3824440	5947010	0.853718	0.99956	0.900746	0.999317	0.900746	0.998882	0.876358	0.876602	422.3946	00:07:02	3786.95	4202.68	3778.83	3780.79	1721.7	2.29	0	human	NA	NA	8	de_novo	NA	mothur
0.03	0.03	34742300	8695160000	3861040	5912050	0.854578	0.999556	0.899982	0.999321	0.899982	0.998882	0.876427	0.876692	445.7429	00:07:25	3786.95	4202.68	3784.31	3784.92	1721.7	2.29	0	human	NA	NA	9	de_novo	NA	mothur
0.03	0.03	34754800	8695140000	3883680	5899580	0.854884	0.999554	0.899487	0.999322	0.899487	0.998881	0.876343	0.876619	424.6546	00:07:04	3783.02	4202.68	3779.39	3779.48	19.66	2.29	0	human	NA	NA	10	de_novo	NA	mothur
0.03	0.03	34027000	8695750000	3273690	6627400	0.836982	0.999624	0.912235	0.999238	0.912235	0.998867	0.873238	0.87299	386.2973	00:06:26	3786.95	4202.68	3778.83	3781.89	854.5	2.29	0	human	NA	NA	11	de_novo	NA	mothur
0.03	0.03	34735600	8695170000	3853370	5918850	0.854411	0.999557	0.900143	0.99932	0.900143	0.998882	0.87642	0.876681	404.8247	00:06:44	3780.95	4202.16	3778.36	3778.64	1692.15	0.05	0	human	NA	NA	12	de_novo	NA	mothur
0.03	0.03	34696800	8695210000	3809020	5957570	0.853458	0.999562	0.90108	0.999315	0.90108	0.998883	0.876388	0.876623	483.0901	00:08:03	3786.95	4202.68	3784.31	3784.91	1721.7	2.3	0	human	NA	NA	13	de_novo	NA	mothur
0.03	0.03	34028200	8695740000	3276660	6626240	0.83701	0.999623	0.912165	0.999239	0.912165	0.998867	0.873219	0.872973	391.2353	00:06:31	3784.77	4202.68	3782.62	3782.99	1707.04	2.29	0	human	NA	NA	14	de_novo	NA	mothur
0.03	0.03	34753600	8695150000	3873840	5900830	0.854854	0.999555	0.899713	0.999322	0.899713	0.998882	0.876438	0.87671	385.1438	00:06:25	3786.95	4202.68	3778.83	3781.9	534.26	2.29	0	human	NA	NA	15	de_novo	NA	mothur
0.03	0.03	34664600	8695250000	3769790	5989760	0.852666	0.999567	0.901916	0.999312	0.901916	0.998883	0.876388	0.8766	525.06	00:08:45	3781.01	4202.16	3778.37	3778.72	1690.47	0.06	0	human	NA	NA	16	de_novo	NA	mothur
0.03	0.03	34671500	8695240000	3779620	5982870	0.852836	0.999566	0.901703	0.999312	0.901703	0.998883	0.876372	0.876589	388.9631	00:06:28	3786.95	4202.68	3784.25	3784.73	1721.7	2.29	0	human	NA	NA	17	de_novo	NA	mothur
0.03	0.03	34697900	8695210000	3816450	5956510	0.853484	0.999561	0.900908	0.999315	0.900908	0.998882	0.876317	0.876555	420.4608	00:07:00	3786.41	4202.68	3778.83	3780.36	8.87	2.29	0	human	NA	NA	18	de_novo	NA	mothur
0.03	0.03	34020500	8695760000	3265410	6633850	0.836823	0.999625	0.912422	0.999238	0.912422	0.998867	0.873245	0.872989	422.425	00:07:02	3785.77	4202.68	3778.78	3781.02	20.77	2.29	0	human	NA	NA	19	de_novo	NA	mothur
0.03	0.03	34707600	8695200000	3820480	5946810	0.853723	0.999561	0.900839	0.999317	0.900839	0.998882	0.876406	0.876648	485.6618	00:08:05	3785.19	4202.68	3782.5	3783	1706.22	2.29	0	human	NA	NA	20	de_novo	NA	mothur
0.03	0.03	34740100	8695170000	3855120	5914340	0.854521	0.999557	0.900114	0.99932	0.900114	0.998882	0.876463	0.876725	389.429	00:06:29	3782.56	4202.68	3778.86	3779.74	1613.89	2.29	0	human	NA	NA	21	de_novo	NA	mothur
0.03	0.03	34737100	8695170000	3854140	5917320	0.854448	0.999557	0.900129	0.99932	0.900129	0.998882	0.876433	0.876694	443.6275	00:07:23	3782.79	4202.68	3780.51	3780.72	1714.96	2.3	0	human	NA	NA	22	de_novo	NA	mothur
0.03	0.03	34749500	8695140000	3878620	5904940	0.854753	0.999554	0.899591	0.999321	0.899591	0.998881	0.876326	0.876599	440.9443	00:07:20	3782.47	4202.68	3780.25	3780.43	1707.41	2.29	0	human	NA	NA	23	de_novo	NA	mothur
0.03	0.03	34682700	8695220000	3799780	5971740	0.85311	0.999563	0.90126	0.999314	0.90126	0.998882	0.876296	0.876524	387.0283	00:06:27	3785.72	4202.68	3783.01	3783.38	1720.2	2.29	0	human	NA	NA	24	de_novo	NA	mothur
0.03	0.03	34716600	8695190000	3834420	5937750	0.853946	0.999559	0.900537	0.999318	0.900537	0.998882	0.876373	0.876622	418.8956	00:06:58	3786.95	4202.68	3784.23	3784.58	1719.74	2.29	0	human	NA	NA	25	de_novo	NA	mothur
0.03	0.03	34720900	8695180000	3841580	5933530	0.854049	0.999558	0.90038	0.999318	0.90038	0.998882	0.87635	0.876603	413.634	00:06:53	3785.72	4202.68	3781.82	3782.11	725.57	2.29	0	human	NA	NA	26	de_novo	NA	mothur
0.03	0.03	34026800	8695750000	3274330	6627630	0.836976	0.999624	0.912219	0.999238	0.912219	0.998867	0.873227	0.872979	411.3055	00:06:51	3786.95	4202.68	3784.24	3784.78	1721.7	2.29	0	human	NA	NA	27	de_novo	NA	mothur
0.03	0.03	34738000	8695170000	3855410	5916440	0.85447	0.999557	0.900102	0.99932	0.900102	0.998882	0.87643	0.87669299999999994	425.9253	00:07:05	3786.41	4202.68	3783.05	3783.82	39.61	2.29	0	human	NA	NA	28	de_novo	NA	mothur
0.03	0.03	34768900	8695120000	3902550	5885470	0.855232	0.999551	0.899085	0.999324	0.899085	0.99888	0.876324	0.87661	583.4567	00:09:43	3787.34	4203.56	3784.83	3785.37	1721.69	0.16	0	human	NA	NA	29	de_novo	NA	mothur
0.03	0.03	34709600	8695190000	3829310	5944790	0.853772	0.99956	0.900638	0.999317	0.900638	0.998882	0.876333	0.876579	462.2115	00:07:42	3786.41	4202.16	3783.77	3784.37	1721.7	0.06	0	human	NA	NA	30	de_novo	NA	mothur
0.03	0.03	33994700	8695760000	3257680	6659720	0.836187	0.999626	0.912551	0.999235	0.912551	0.998865	0.872973	0.872702	387.2013	00:06:27	3786.95	4202.68	3784.31	3784.9	1721.7	2.29	0	human	NA	NA	31	de_novo	NA	mothur
0.03	0.03	34711100	8695190000	3833670	5943280	0.85381	0.999559	0.90054	0.999317	0.90054	0.998881	0.876305	0.876552	390.2545	00:06:30	3785.48	4202.68	3778.84	3781.15	1718.04	2.29	0	human	NA	NA	32	de_novo	NA	mothur
0.03	0.03	33890300	8695890000	3128530	6764090	0.83362	0.99964	0.915488	0.999223	0.915488	0.998868	0.873036	0.872638	389.4325	00:06:29	3783.26	4202.68	3779.09	3780.3	99.45	2.29	0	human	NA	NA	33	de_novo	NA	mothur
0.03	0.03	34732000	8695180000	3845800	5922360	0.854324	0.999558	0.900311	0.999319	0.900311	0.998882	0.876458	0.876715	455.7741	00:07:35	3786.95	4202.68	3784.31	3784.92	1721.7	2.29	0	human	NA	NA	34	de_novo	NA	mothur
0.03	0.03	34738100	8695160000	3859130	5916330	0.854473	0.999556	0.900015	0.99932	0.900015	0.998881	0.876389	0.876653	418.9264	00:06:58	3781.47	4202.68	3778.83	3779.09	1688.85	2.29	0	human	NA	NA	35	de_novo	NA	mothur
0.03	0.03	34749100	8695140000	3877400	5905280	0.854744	0.999554	0.899618	0.999321	0.899618	0.998881	0.876335	0.876607	439.3099	00:07:19	3781.57	4202.68	3778.83	3779.3	1689.01	2.29	0	human	NA	NA	36	de_novo	NA	mothur
0.03	0.03	33916100	8695880000	3144640	6738350	0.834253	0.99963900000000006	0.915149	0.999226	0.915149	0.998869	0.873206	0.872831	423.7034	00:07:03	3785.52	4202.68	3782.95	3783.25	1707.36	2.29	0	human	NA	NA	37	de_novo	NA	mothur
0.03	0.03	34035100	8695730000	3286610	6619260	0.837182	0.999622	0.911938	0.999239	0.911938	0.998867	0.8732	0.872963	446.7535	00:07:26	3786.95	4202.68	3784.24	3784.8	1721.7	2.29	0	human	NA	NA	38	de_novo	NA	mothur
0.03	0.03	34753100	8695140000	3882620	5901270	0.854843	0.999554	0.899507	0.999322	0.899507	0.998881	0.876331	0.876606	445.4377	00:07:25	3786.95	4202.68	3782.36	3783.59	16	2.29	0	human	NA	NA	39	de_novo	NA	mothur
0.03	0.03	34715800	8695190000	3836490	5938630	0.853924	0.999559	0.900486	0.999317	0.900486	0.998882	0.876337	0.876587	473.4145	00:07:53	3784.49	4202.68	3778.83	3780.55	1705.02	2.29	0	human	NA	NA	40	de_novo	NA	mothur
0.03	0.03	34733000	8695170000	3847210	5921420	0.854347	0.999558	0.90028	0.999319	0.90028	0.998882	0.876455	0.876713	393.5761	00:06:33	3782.73	4202.68	3778.83	3779.41	19.38	2.29	0	human	NA	NA	41	de_novo	NA	mothur
0.03	0.03	34664000	8695240000	3777720	5990390	0.852651	0.999566	0.901729	0.999312	0.901729	0.998882	0.876288	0.876503	405.1805	00:06:45	3784.25	4202.16	3778.36	3780.35	1707.58	0.05	0	human	NA	NA	42	de_novo	NA	mothur
0.03	0.03	34024500	8695740000	3283760	6629900	0.836921	0.999623	0.911983	0.999238	0.911983	0.998866	0.873084	0.872841	417.6115	00:06:57	3786.4	4202.68	3778.87	3780.35	3.64	2.29	0	human	NA	NA	43	de_novo	NA	mothur
0.03	0.03	34022400	8695750000	3268250	6632020	0.836868	0.999624	0.912357	0.999238	0.912357	0.998867	0.873237	0.872984	404.2222	00:06:44	3786.4	4202.16	3783.77	3784.38	1721.7	0.05	0	human	NA	NA	44	de_novo	NA	mothur
0.03	0.03	34738700	8695170000	3854280	5915750	0.854487	0.999557	0.90013	0.99932	0.90013	0.998882	0.876453	0.876715	438.0377	00:07:18	3786.95	4202.68	3784.25	3784.67	1721.7	2.29	0	human	NA	NA	45	de_novo	NA	mothur
0.03	0.03	34691100	8695220000	3801340	5963270	0.853318	0.999563	0.901245	0.999315	0.901245	0.998883	0.876396	0.876627	384.6779	00:06:24	3786.95	4202.68	3784.25	3784.79	1714.21	2.29	0	human	NA	NA	46	de_novo	NA	mothur
0.03	0.03	33910000	8695880000	3138200	6744350	0.834105	0.99963900000000006	0.915294	0.999225	0.915294	0.998869	0.873198	0.872816	511.7829	00:08:31	3786.95	4202.68	3784.24	3784.61	1721.7	2.29	0	human	NA	NA	47	de_novo	NA	mothur
0.03	0.03	34739700	8695170000	3855740	5914720	0.854512	0.999557	0.900098	0.99932	0.900098	0.998882	0.87645	0.876713	387.5175	00:06:27	3784.77	4202.68	3782.3	3782.9	1702.66	2.29	0	human	NA	NA	48	de_novo	NA	mothur
0.03	0.03	34698700	8695210000	3811910	5955730	0.853504	0.999562	0.901017	0.999316	0.901017	0.998882	0.87638	0.876617	417.1655	00:06:57	3782.68	4202.68	3780.01	3780.4	1709.5	2.29	0	human	NA	NA	49	de_novo	NA	mothur
0.03	0.03	33912000	8695880000	3144350	6742410	0.834153	0.99963900000000006	0.915147	0.999225	0.915147	0.998869	0.873153	0.872775	571.0558	00:09:31	3783.26	4202.68	3778.9	3780.02	1710.89	2.29	0	human	NA	NA	50	de_novo	NA	mothur
0.03	0.03	33848800	8695880000	3140440	6805600	0.832599	0.99963900000000006	0.915099	0.999218	0.915099	0.998862	0.872312	0.871901	440.1924	00:07:20	3786.41	4202.68	3781.41	3781.89	1195.58	2.3	0	human	NA	NA	51	de_novo	NA	mothur
0.03	0.03	34752700	8695140000	3880380	5901710	0.854832	0.999554	0.899558	0.999322	0.899558	0.998881	0.876351	0.876625	384.7654	00:06:24	3782.98	4202.68	3780.64	3781.18	1712.38	2.29	0	human	NA	NA	52	de_novo	NA	mothur
0.03	0.03	34684600	8695230000	3796240	5969760	0.853158	0.999564	0.901347	0.999314	0.901347	0.998883	0.876364	0.876591	412.8837	00:06:52	3786.41	4202.68	3779.26	3780.24	19.51	2.29	0	human	NA	NA	53	de_novo	NA	mothur
0.03	0.03	34760700	8695130000	3888740	5893750	0.855028	0.999553	0.899384	0.999323	0.899384	0.998881	0.876366	0.876645	387.6826	00:06:27	3782.76	4202.68	3780.11	3780.52	927.01	2.29	0	human	NA	NA	54	de_novo	NA	mothur
0.03	0.03	34740100	8695160000	3860580	5914280	0.854523	0.999556	0.899987	0.99932	0.899987	0.998882	0.876401	0.876666	500.1234	00:08:20	3784.65	4202.68	3781.46	3782.09	24.65	2.29	0	human	NA	NA	55	de_novo	NA	mothur
0.03	0.03	34732200	8695170000	3847620	5922230	0.854327	0.999558	0.900269	0.999319	0.900269	0.998882	0.876439	0.876697	415.8895	00:06:55	3784.79	4202.68	3779.01	3779.75	13.65	2.29	0	human	NA	NA	56	de_novo	NA	mothur
0.03	0.03	34020800	8695750000	3266600	6633640	0.836829	0.999624	0.912394	0.999238	0.912394	0.998867	0.873234	0.872979	427.7044	00:07:07	3783.59	4202.68	3778.82	3779.75	1710.26	2.29	0	human	NA	NA	57	de_novo	NA	mothur
0.03	0.03	34746500	8695160000	3862540	5907860	0.854681	0.999556	0.899958	0.999321	0.899958	0.998882	0.876469	0.876735	508.497	00:08:28	3782.09	4202.68	3779.6	3779.91	22.34	2.3	0	human	NA	NA	58	de_novo	NA	mothur
0.03	0.03	34730800	8695170000	3850490	5923580	0.854294	0.999557	0.900198	0.999319	0.900198	0.998882	0.876387	0.876646	397.4397	00:06:37	3786.41	4202.16	3783.77	3784.38	1721.7	0.05	0	human	NA	NA	59	de_novo	NA	mothur
0.03	0.03	34721900	8695180000	3843450	5932510	0.854075	0.999558	0.900339	0.999318	0.900339	0.998881	0.876343	0.876597	409.4534	00:06:49	3783.54	4202.68	3778.87	3779.73	28.09	2.29	0	human	NA	NA	60	de_novo	NA	mothur
0.03	0.03	34745200	8695160000	3862900	5909200	0.854648	0.999556	0.899946	0.999321	0.899946	0.998882	0.876446	0.876712	401.1637	00:06:41	3786.41	4202.16	3783.7	3784.18	1721.7	0.05	0	human	NA	NA	61	de_novo	NA	mothur
0.03	0.03	34745100	8695150000	3872690	5909270	0.854646	0.999555	0.899718	0.999321	0.899718	0.998881	0.876333	0.876603	493.7398	00:08:13	3786.41	4202.16	3783.7	3784.07	1721.7	0.05	0	human	NA	NA	62	de_novo	NA	mothur
0.03	0.03	34696000	8695210000	3808650	5958360	0.853439	0.999562	0.901086	0.999315	0.901086	0.998882	0.876381	0.876615	518.0664	00:08:38	3786.95	4202.68	3784.24	3784.76	1721.7	2.29	0	human	NA	NA	63	de_novo	NA	mothur
0.03	0.03	34731400	8695170000	3850110	5922960	0.85431	0.999557	0.900209	0.999319	0.900209	0.998882	0.8764	0.876659	513.9402	00:08:33	3783.59	4202.68	3778.84	3779.86	1701.44	2.29	0	human	NA	NA	64	de_novo	NA	mothur
0.03	0.03	34699700	8695200000	3820610	5954730	0.853528	0.999561	0.900816	0.999316	0.900816	0.998881	0.876294	0.876535	409.879	00:06:49	3781.47	4202.68	3778.84	3779.11	1690.91	2.29	0	human	NA	NA	65	de_novo	NA	mothur
0.03	0.03	34703600	8695210000	3815150	5950800	0.853625	0.999561	0.900953	0.999316	0.900953	0.998883	0.876412	0.876651	446.9341	00:07:26	3783.95	4202.68	3780.83	3781.33	1703.96	2.3	0	human	NA	NA	66	de_novo	NA	mothur
0.03	0.03	34698600	8695210000	3810040	5955820	0.853501	0.999562	0.90106	0.999316	0.90106	0.998883	0.8764	0.876636	424.7754	00:07:04	3785.78	4202.68	3778.78	3781.02	17.53	2.29	0	human	NA	NA	67	de_novo	NA	mothur
0.03	0.03	34705800	8695200000	3820610	5948590	0.853679	0.999561	0.900831	0.999316	0.900831	0.998882	0.87638	0.876622	403.4901	00:06:43	3780.98	4202.16	3778.36	3778.51	1685.59	0.05	0	human	NA	NA	68	de_novo	NA	mothur
0.03	0.03	34003400	8695770000	3256410	6651020	0.836401	0.999626	0.912603	0.999236	0.912603	0.998866	0.87311	0.872842	485.6367	00:08:05	3786.95	4202.68	3784.24	3784.64	1721.64	2.3	0	human	NA	NA	69	de_novo	NA	mothur
0.03	0.03	34754700	8695140000	3882370	5899730	0.854881	0.999554	0.899517	0.999322	0.899517	0.998881	0.876356	0.876631	429.7202	00:07:09	3786.41	4202.68	3781.94	3782.31	15.19	2.29	0	human	NA	NA	70	de_novo	NA	mothur
0.03	0.03	34730300	8695180000	3846240	5924130	0.854281	0.999558	0.900296	0.999319	0.900296	0.998882	0.876428	0.876685	444.7873	00:07:24	3783.08	4202.68	3778.78	3779.98	610.98	2.29	0	human	NA	NA	71	de_novo	NA	mothur
0.03	0.03	34747600	8695160000	3866100	5906760	0.854708	0.999556	0.899878	0.999321	0.899878	0.998882	0.876443	0.876711	439.2443	00:07:19	3786.41	4202.68	3781.27	3781.61	875.77	2.3	0	human	NA	NA	72	de_novo	NA	mothur
0.03	0.03	34687900	8695220000	3796940	5966490	0.853239	0.999564	0.901339	0.999314	0.901339	0.998883	0.876401	0.87663	477.6878	00:07:57	3783.21	4202.68	3778.78	3780.05	1701.12	2.3	0	human	NA	NA	73	de_novo	NA	mothur
0.03	0.03	34034900	8695740000	3282800	6619550	0.837175	0.999623	0.912031	0.999239	0.912031	0.998867	0.87324	0.873001	417.2028	00:06:57	3786.41	4202.68	3780.7	3782.43	30.52	2.29	0	human	NA	NA	74	de_novo	NA	mothur
0.03	0.03	34682200	8695220000	3801070	5972200	0.853098	0.999563	0.901228	0.999314	0.901228	0.998882	0.876275	0.876503	387.1822	00:06:27	3784.01	4202.68	3778.94	3779.68	17.98	2.29	0	human	NA	NA	75	de_novo	NA	mothur
0.03	0.03	34744100	8695150000	3873500	5910310	0.854621	0.999555	0.899696	0.999321	0.899696	0.998881	0.876309	0.876579	416.8241	00:06:56	3786.95	4202.68	3784.31	3784.92	1721.7	2.29	0	human	NA	NA	76	de_novo	NA	mothur
0.03	0.03	34719400	8695190000	3835290	5935020	0.854013	0.999559	0.900523	0.999318	0.900523	0.998882	0.876401	0.876652	414.1178	00:06:54	3784.66	4202.68	3778.87	3780.11	24.28	2.29	0	human	NA	NA	77	de_novo	NA	mothur
0.03	0.03	34767900	8695120000	3898410	5886540	0.855205	0.999552	0.899178	0.999323	0.899178	0.99888	0.876356	0.876641	419.9494	00:06:59	3786.95	4202.68	3782.35	3783.69	19.01	2.29	0	human	NA	NA	78	de_novo	NA	mothur
0.03	0.03	34724000	8695180000	3838170	5930380	0.854127	0.999559	0.900468	0.999318	0.900468	0.998882	0.876433	0.876686	389.686	00:06:29	3783.15	4202.68	3778.85	3780.05	1090.27	2.29	0	human	NA	NA	79	de_novo	NA	mothur
0.03	0.03	33901200	8695890000	3131060	6753240	0.833887	0.99964	0.91545	0.999224	0.91545	0.998869	0.873158	0.872767	393.5621	00:06:33	3784.07	4202.68	3782.02	3782.06	1709.36	2.29	0	human	NA	NA	80	de_novo	NA	mothur
0.03	0.03	34747400	8695160000	3866200	5906990	0.854702	0.999556	0.899875	0.999321	0.899875	0.998882	0.876439	0.876707	400.8731	00:06:40	3784.57	4202.16	3778.29	3779.39	11.82	0.05	0	human	NA	NA	81	de_novo	NA	mothur
0.03	0.03	34730400	8695180000	3844400	5924010	0.854284	0.999558	0.900339	0.999319	0.900339	0.998882	0.876451	0.876707	409.002	00:06:49	3786.95	4202.68	3784.24	3784.66	1721.7	2.29	0	human	NA	NA	82	de_novo	NA	mothur
0.03	0.03	34745000	8695150000	3872200	5909370	0.854644	0.999555	0.899729	0.999321	0.899729	0.998881	0.876337	0.876607	412.1763	00:06:52	3786.95	4202.68	3784.24	3784.63	1721.7	2.29	0	human	NA	NA	83	de_novo	NA	mothur
0.03	0.03	34684200	8695220000	3803450	5970180	0.853148	0.999563	0.901178	0.999314	0.901178	0.998882	0.876275	0.876505	498.3386	00:08:18	3786.95	4202.68	3784.24	3784.78	1721.69	2.29	0	human	NA	NA	84	de_novo	NA	mothur
0.03	0.03	34039000	8695730000	3289200	6615410	0.837277	0.999622	0.911884	0.99924	0.911884	0.998867	0.873223	0.87299	439.5527	00:07:19	3786.95	4202.68	3784.31	3784.9	1721.7	2.3	0	human	NA	NA	85	de_novo	NA	mothur
0.03	0.03	34711800	8695200000	3826400	5942610	0.853826	0.99956	0.900711	0.999317	0.900711	0.998882	0.876397	0.876642	411.0235	00:06:51	3786.3	4202.68	3778.83	3780.57	1719.56	2.29	0	human	NA	NA	86	de_novo	NA	mothur
0.03	0.03	34666600	8695230000	3791130	5987820	0.852714	0.999564	0.901421	0.999312	0.901421	0.998881	0.876171	0.876391	388.8722	00:06:28	3783.29	4202.68	3778.86	3780	50.3	2.29	0	human	NA	NA	87	de_novo	NA	mothur
0.03	0.03	34725200	8695180000	3840030	5929180	0.854157	0.999559	0.900428	0.999319	0.900428	0.998882	0.876429	0.876682	387.8998	00:06:27	3783.93	4202.68	3780.91	3781.38	1703.61	2.29	0	human	NA	NA	88	de_novo	NA	mothur
0.03	0.03	34751000	8695150000	3876140	5903380	0.854791	0.999554	0.899653	0.999322	0.899653	0.998881	0.876376	0.876648	441.0198	00:07:21	3786.95	4202.68	3784.31	3784.93	1721.7	2.3	0	human	NA	NA	89	de_novo	NA	mothur
0.03	0.03	34746000	8695160000	3863700	5908360	0.854669	0.999556	0.899929	0.999321	0.899929	0.998882	0.876448	0.876715	397.8142	00:06:37	3784.52	4202.16	3782.01	3782.54	1706.55	0.05	0	human	NA	NA	90	de_novo	NA	mothur
0.03	0.03	34757600	8695140000	3886530	5896830	0.854952	0.999553	0.899428	0.999322	0.899428	0.998881	0.876349	0.876626	421.9526	00:07:01	3785.95	4202.68	3778.83	3781.24	1710.49	2.29	0	human	NA	NA	91	de_novo	NA	mothur
0.03	0.03	33853800	8695870000	3150910	6800580	0.832722	0.999638	0.914851	0.999219	0.914851	0.998861	0.872259	0.871857	432.9214	00:07:12	3781.57	4202.68	3778.83	3779.07	1688.86	2.29	0	human	NA	NA	92	de_novo	NA	mothur
0.03	0.03	33919500	8695870000	3148320	6734890	0.834338	0.999638	0.915066	0.999226	0.915066	0.998869	0.873211	0.872839	391.8292	00:06:31	3786.95	4202.68	3784.31	3784.91	1721.7	2.29	0	human	NA	NA	93	de_novo	NA	mothur
0.03	0.03	34692100	8695210000	3807130	5962300	0.853342	0.999562	0.901112	0.999315	0.901112	0.998882	0.876343	0.876576	422.279	00:07:02	3781.54	4202.68	3778.84	3779.12	1688.42	2.29	0	human	NA	NA	94	de_novo	NA	mothur
0.03	0.03	33897000	8695900000	3123820	6757380	0.833785	0.999641	0.91562	0.999224	0.91562	0.998869	0.873186	0.872788	402.3844	00:06:42	3783.86	4202.16	3781.67	3781.98	1704.31	0.05	0	human	NA	NA	95	de_novo	NA	mothur
0.03	0.03	34679300	8695220000	3803310	5975120	0.853026	0.999563	0.901168	0.999313	0.901168	0.998881	0.876208	0.876437	536.554	00:08:56	3786.95	4202.68	3784.31	3784.9	1721.55	2.29	0	human	NA	NA	96	de_novo	NA	mothur
0.03	0.03	34741400	8695160000	3860000	5913010	0.854554	0.999556	0.900004	0.99932	0.900004	0.998882	0.876426	0.87669	423.1258	00:07:03	3784.8	4202.68	3778.87	3780.02	19.75	2.29	0	human	NA	NA	97	de_novo	NA	mothur
0.03	0.03	34750800	8695150000	3868880	5903580	0.854786	0.999555	0.899821	0.999322	0.899821	0.998882	0.876456	0.876726	456.3909	00:07:36	3786.95	4202.68	3783.7	3784.05	1715.86	2.29	0	human	NA	NA	98	de_novo	NA	mothur
0.03	0.03	34725000	8695180000	3843860	5929350	0.854152	0.999558	0.900338	0.999319	0.900338	0.998882	0.876382	0.876637	433.9462	00:07:13	3786.41	4202.16	3783.69	3784.06	1721.7	0.05	0	human	NA	NA	99	de_novo	NA	mothur
0.03	0.03	34678300	8695240000	3786510	5976070	0.853003	0.999565	0.901559	0.999313	0.901559	0.998883	0.876387	0.876609	387.334	00:06:27	3781.46	4202.68	3779.43	3779.63	190.77	2.29	0	human	NA	NA	100	de_novo	NA	mothur
0.03	0.03	16370900	5005870000	3016820	2425750	0.87094800000000006	0.999398	0.844396	0.999516	0.844396	0.998917	0.857027	0.857466	181.853	00:03:01	1770.59	2186.34	1767.88	1768.37	836.66	0.05	0	marine	NA	NA	1	de_novo	NA	mothur
0.03	0.03	16364600	5005880000	3011130	2432120	0.870609	0.999399	0.844593	0.999514	0.844593	0.998917	0.85696	0.857404	229.83690000000001	00:03:49	1772.57	2188.3	1767.88	1768.32	836.66	1.96	0	marine	NA	NA	2	de_novo	NA	mothur
0.03	0.03	16370700	5005880000	3013650	2426040	0.870933	0.999398	0.844531	0.999516	0.844531	0.998918	0.857088	0.857529	203.7787	00:03:23	1767.07	2188.3	1764.53	1764.84	12.59	1.98	0	marine	NA	NA	3	de_novo	NA	mothur
0.03	0.03	16373600	5005870000	3018800	2423070	0.871091	0.999397	0.844331	0.999516	0.844331	0.998918	0.857064	0.857502	256.978	00:04:16	1771.02	2188.3	1764.45	1766.58	828	1.99	0	marine	NA	NA	4	de_novo	NA	mothur
0.03	0.03	16379000	5005860000	3026790	2417720	0.871375	0.999396	0.844026	0.999517	0.844026	0.998917	0.857049	0.857483	167.1697	00:02:47	1772.57	2188.3	1769.93	1770.47	836.66	1.97	0	marine	NA	NA	5	de_novo	NA	mothur
0.03	0.03	16386400	5005860000	3035190	2410330	0.871769	0.999394	0.843721	0.999519	0.843721	0.998917	0.857087	0.857515	196.4442	00:03:16	1772.58	2188.3	1764.53	1766.43	817.49	1.98	0	marine	NA	NA	6	de_novo	NA	mothur
0.03	0.03	16373600	5005870000	3019530	2423110	0.871089	0.999397	0.844299	0.999516	0.844299	0.998917	0.857047	0.857484	168.5473	00:02:48	1769.89	2188.18	1767.42	1768.02	824.73	1.96	0	marine	NA	NA	7	de_novo	NA	mothur
0.03	0.03	16372200	5005880000	3016040	2424530	0.871013	0.999398	0.844439	0.999516	0.844439	0.998918	0.857081	0.85752	167.1453	00:02:47	1772.56	2188.29	1769.85	1770.3	831.27	1.96	0	marine	NA	NA	8	de_novo	NA	mothur
0.03	0.03	16373000	5005870000	3017910	2423680	0.871058	0.999397	0.844365	0.999516	0.844365	0.998918	0.857065	0.857504	190.0632	00:03:10	1770.59	2186.34	1765.12	1766.92	22.55	0.06	0	marine	NA	NA	9	de_novo	NA	mothur
0.03	0.03	16375800	5005870000	3020960	2420940	0.871204	0.999397	0.844254	0.999517	0.844254	0.998918	0.857081	0.857517	193.1865	00:03:13	1769.07	2186.34	1766.44	1766.99	834.55	0.06	0	marine	NA	NA	10	de_novo	NA	mothur
0.03	0.03	16371600	5005880000	3016430	2425150	0.87098	0.999398	0.844417	0.999516	0.844417	0.998918	0.857054	0.857493	192.1832	00:03:12	1770.59	2186.34	1762.54	1764.06	836.66	0.04	0	marine	NA	NA	11	de_novo	NA	mothur
0.03	0.03	16379200	5005870000	3025030	2417540	0.871385	0.999396	0.844104	0.999517	0.844104	0.998917	0.857094	0.857528	207.9413	00:03:27	1771.25	2188.3	1766.53	1766.92	832.46	1.98	0	marine	NA	NA	12	de_novo	NA	mothur
0.03	0.03	16370600	5005870000	3017710	2426120	0.870928	0.999398	0.844354	0.999516	0.844354	0.998917	0.856995	0.857435	201.3013	00:03:21	1770.58	2188.18	1764.52	1765.42	801.2	1.98	0	marine	NA	NA	13	de_novo	NA	mothur
0.03	0.03	16380600	5005860000	3028590	2416100	0.871461	0.999395	0.843961	0.999518	0.843961	0.998917	0.857058	0.857491	167.4726	00:02:47	1772.57	2188.17	1769.93	1770.53	836.66	1.97	0	marine	NA	NA	14	de_novo	NA	mothur
0.03	0.03	16378300	5005870000	3024600	2418350	0.871342	0.999396	0.844116	0.999517	0.844116	0.998917	0.857079	0.857513	191.0202	00:03:11	1770.59	2186.34	1767.95	1768.57	836.66	0.05	0	marine	NA	NA	15	de_novo	NA	mothur
0.03	0.03	16379300	5005870000	3026460	2417410	0.87139200000000006	0.999396	0.844043	0.999517	0.844043	0.998917	0.857066	0.857499	200.2257	00:03:20	1772.57	2188.3	1764.45	1767.52	836.52	1.96	0	marine	NA	NA	16	de_novo	NA	mothur
0.03	0.03	16377700	5005860000	3028920	2419030	0.871306	0.999395	0.843923	0.999517	0.843923	0.998916	0.856962	0.857396	191.6381	00:03:11	1770.59	2186.34	1765.39	1767.03	811.35	0.05	0	marine	NA	NA	17	de_novo	NA	mothur
0.03	0.03	16376500	5005870000	3020670	2420210	0.871243	0.999397	0.844272	0.999517	0.844272	0.998918	0.857109	0.857546	203.2986	00:03:23	1772.57	2188.17	1769.86	1770.22	833.07	1.98	0	marine	NA	NA	18	de_novo	NA	mothur
0.03	0.03	16374800	5005870000	3019230	2421930	0.871151	0.999397	0.844321	0.999516	0.844321	0.998918	0.857089	0.857526	195.0133	00:03:15	1770.59	2186.34	1764.05	1766.16	795.25	0.05	0	marine	NA	NA	19	de_novo	NA	mothur
0.03	0.03	16370200	5005880000	3014630	2426460	0.87091	0.999398	0.844485	0.999516	0.844485	0.998918	0.857054	0.857494	167.1577	00:02:47	1770.59	2188.23	1764.53	1766.38	826.17	1.97	0	marine	NA	NA	20	de_novo	NA	mothur
0.03	0.03	16379500	5005870000	3025770	2417230	0.871401	0.999396	0.844075	0.999517	0.844075	0.998917	0.857087	0.85752	220.6546	00:03:40	1770.59	2186.34	1767.95	1768.56	836.66	0.05	0	marine	NA	NA	21	de_novo	NA	mothur
0.03	0.03	16373400	5005870000	3019590	2423340	0.871076	0.999397	0.844294	0.999516	0.844294	0.998917	0.857038	0.857476	278.9007	00:04:38	1770.59	2186.34	1767.88	1768.23	829.39	0.06	0	marine	NA	NA	22	de_novo	NA	mothur
0.03	0.03	16378500	5005860000	3026870	2418150	0.871352	0.999396	0.844019	0.999517	0.844019	0.998917	0.857034	0.857468	178.0064	00:02:58	1770.58	2186.34	1762.47	1764.01	2.42	0.04	0	marine	NA	NA	23	de_novo	NA	mothur
0.03	0.03	16370900	5005880000	3015090	2425820	0.870944	0.999398	0.844471	0.999516	0.844471	0.998918	0.857063	0.857503	174.3761	00:02:54	1772.57	2188.17	1769.86	1770.28	836.66	1.98	0	marine	NA	NA	24	de_novo	NA	mothur
0.03	0.03	16371700	5005870000	3016670	2425000	0.870988	0.999398	0.844408	0.999516	0.844408	0.998918	0.857053	0.857492	201.3074	00:03:21	1772.57	2188.3	1764.45	1767.41	836.64	1.99	0	marine	NA	NA	25	de_novo	NA	mothur
0.03	0.03	16373900	5005870000	3018110	2422770	0.871107	0.999397	0.844363	0.999516	0.844363	0.998918	0.857088	0.857527	209.1533	00:03:29	1768.48	2186.34	1762.47	1764.07	801.96	0.06	0	marine	NA	NA	26	de_novo	NA	mothur
0.03	0.03	16373700	5005870000	3020200	2423040	0.871092	0.999397	0.84427	0.999516	0.84427	0.998917	0.857034	0.857472	243.0977	00:04:03	1770.59	2186.34	1767.95	1768.56	836.66	0.05	0	marine	NA	NA	27	de_novo	NA	mothur
0.03	0.03	16372200	5005880000	3015910	2424500	0.871015	0.999398	0.844445	0.999516	0.844445	0.998918	0.857085	0.857524	189.1054	00:03:09	1767.7	2186.34	1762.53	1764.18	817.57	0.06	0	marine	NA	NA	28	de_novo	NA	mothur
0.03	0.03	16370400	5005880000	3014820	2426260	0.870921	0.999398	0.844479	0.999516	0.844479	0.998918	0.857056	0.857496	224.5583	00:03:44	1770.59	2186.34	1762.47	1765.38	21.66	0.05	0	marine	NA	NA	29	de_novo	NA	mothur
0.03	0.03	16381900	5005860000	3030480	2414810	0.87153	0.999395	0.843889	0.999518	0.843889	0.998917	0.857056	0.857487	200.6791	00:03:20	1768.36	2188.3	1764.4	1764.97	800.84	1.98	0	marine	NA	NA	30	de_novo	NA	mothur
0.03	0.03	16375000	5005870000	3022490	2421740	0.871161	0.999397	0.844181	0.999516	0.844181	0.998917	0.857023	0.857459	237.4774	00:03:57	1767.57	2186.34	1763.82	1764.72	817.23	0.05	0	marine	NA	NA	31	de_novo	NA	mothur
0.03	0.03	16370400	5005880000	3013180	2426310	0.870918	0.999398	0.84455	0.999516	0.84455	0.998918	0.85709	0.857531	212.942	00:03:32	1770.59	2186.34	1766.47	1767.56	813.86	0.05	0	marine	NA	NA	32	de_novo	NA	mothur
0.03	0.03	16368800	5005880000	3012020	2427850	0.870836	0.999399	0.844588	0.999515	0.844588	0.998918	0.85707	0.857511	201.3427	00:03:21	1770.59	2188.3	1764.96	1765.53	19.54	1.98	0	marine	NA	NA	33	de_novo	NA	mothur
0.03	0.03	16371200	5005870000	3019520	2425520	0.87096	0.999397	0.84428	0.999516	0.84428	0.998917	0.856974	0.857413	166.7073	00:02:46	1772.57	2188.3	1769.86	1770.41	836.66	1.97	0	marine	NA	NA	34	de_novo	NA	mothur
0.03	0.03	16375500	5005870000	3021010	2421170	0.871192	0.999397	0.84425	0.999517	0.84425	0.998918	0.857073	0.85751	190.168	00:03:10	1770.59	2186.34	1767.95	1768.56	836.66	0.05	0	marine	NA	NA	35	de_novo	NA	mothur
0.03	0.03	16370700	5005880000	3014410	2426000	0.870935	0.999398	0.844499	0.999516	0.844499	0.998918	0.857073	0.857513	278.2239	00:04:38	1770.59	2186.34	1766.85	1767.73	815.35	0.06	0	marine	NA	NA	36	de_novo	NA	mothur
0.03	0.03	16369100	5005880000	3012430	2427610	0.870849	0.999399	0.844572	0.999515	0.844572	0.998918	0.857068	0.857509	208.0702	00:03:28	1770.59	2186.34	1762.54	1765.5	814.86	0.05	0	marine	NA	NA	37	de_novo	NA	mothur
0.03	0.03	16381300	5005860000	3029050	2415450	0.871496	0.999395	0.843946	0.999518	0.843946	0.998917	0.857068	0.8575	189.349	00:03:09	1767.08	2186.34	1764.92	1765.27	819.68	0.05	0	marine	NA	NA	38	de_novo	NA	mothur
0.03	0.03	16371000	5005870000	3017810	2425690	0.870951	0.999398	0.844353	0.999516	0.844353	0.998917	0.857007	0.857446	165.3847	00:02:45	1767.98	2186.34	1765.51	1766	827.34	0.05	0	marine	NA	NA	39	de_novo	NA	mothur
0.03	0.03	16380900	5005860000	3030860	2415830	0.871476	0.999395	0.843865	0.999518	0.843865	0.998917	0.857016	0.857448	166.6878	00:02:46	1772.57	2188.29	1764.45	1766.41	805.09	1.98	0	marine	NA	NA	40	de_novo	NA	mothur
0.03	0.03	16375400	5005870000	3020540	2421270	0.871186	0.999397	0.84427	0.999517	0.84427	0.998918	0.85708	0.857517	181.3029	00:03:01	1770.59	2186.34	1767.95	1768.56	836.66	0.04	0	marine	NA	NA	41	de_novo	NA	mothur
0.03	0.03	16373700	5005870000	3019650	2422970	0.871096	0.999397	0.844295	0.999516	0.844295	0.998917	0.857048	0.857486	167.2441	00:02:47	1770.59	2188.22	1766.14	1766.39	828.2	1.98	0	marine	NA	NA	42	de_novo	NA	mothur
0.03	0.03	16379800	5005860000	3026650	2416940	0.871417	0.999396	0.844039	0.999517	0.844039	0.998917	0.857076	0.857509	171.3808	00:02:51	1772.57	2188.3	1764.45	1767.48	817.48	1.97	0	marine	NA	NA	43	de_novo	NA	mothur
0.03	0.03	16371100	5005870000	3016540	2425560	0.870958	0.999398	0.844409	0.999516	0.844409	0.998918	0.857038	0.857478	250.4951	00:04:10	1770.59	2186.34	1767.88	1768.23	836.66	0.06	0	marine	NA	NA	44	de_novo	NA	mothur
0.03	0.03	16380800	5005860000	3029810	2415930	0.87147	0.999395	0.843909	0.999518	0.843909	0.998917	0.857036	0.857468	179.4061	00:02:59	1770.58	2186.34	1762.57	1764.01	8.25	0.05	0	marine	NA	NA	45	de_novo	NA	mothur
0.03	0.03	16366400	5005880000	3011130	2430260	0.870708	0.999399	0.844607	0.999515	0.844607	0.998918	0.857016	0.857459	178.7779	00:02:58	1770.59	2186.34	1762.47	1765.43	836.66	0.04	0	marine	NA	NA	46	de_novo	NA	mothur
0.03	0.03	16381500	5005860000	3030610	2415220	0.871508	0.999395	0.84388	0.999518	0.84388	0.998917	0.85704	0.857472	200.67	00:03:20	1770.59	2188.3	1764.61	1765.93	17.78	1.98	0	marine	NA	NA	47	de_novo	NA	mothur
0.03	0.03	16378400	5005860000	3030890	2418330	0.871343	0.999395	0.843843	0.999517	0.843843	0.998916	0.85694	0.857373	221.0963	00:03:41	1770.59	2186.34	1762.54	1765.41	817.54	0.05	0	marine	NA	NA	48	de_novo	NA	mothur
0.03	0.03	16380100	5005860000	3027430	2416610	0.871434	0.999396	0.844007	0.999517	0.844007	0.998917	0.857069	0.857501	194.8488	00:03:14	1770.59	2186.34	1767.95	1768.56	836.66	0.04	0	marine	NA	NA	49	de_novo	NA	mothur
0.03	0.03	16378000	5005870000	3026090	2418680	0.871324	0.999396	0.844049	0.999517	0.844049	0.998917	0.857035	0.85747	198.6293	00:03:18	1772.57	2188.3	1764.45	1767.36	815	1.98	0	marine	NA	NA	50	de_novo	NA	mothur
0.03	0.03	16375300	5005870000	3020280	2421390	0.87118	0.999397	0.84428	0.999517	0.84428	0.998918	0.857082	0.857519	194.3755	00:03:14	1767.38	2186.34	1765.27	1765.67	823.75	0.05	0	marine	NA	NA	51	de_novo	NA	mothur
0.03	0.03	16380600	5005860000	3026570	2416140	0.871459	0.999396	0.844048	0.999518	0.844048	0.998917	0.857102	0.857535	201.1552	00:03:21	1772.57	2188.3	1764.52	1767.44	816.64	1.98	0	marine	NA	NA	52	de_novo	NA	mothur
0.03	0.03	16382800	5005860000	3030460	2413920	0.871577	0.999395	0.843897	0.999518	0.843897	0.998917	0.857083	0.857514	190.8907	00:03:10	1770.59	2186.34	1767.95	1768.57	836.66	0.05	0	marine	NA	NA	53	de_novo	NA	mothur
0.03	0.03	16384500	5005860000	3032590	2412160	0.871671	0.999395	0.843819	0.999518	0.843819	0.998917	0.857089	0.857519	175.8887	00:02:55	1770.59	2186.34	1762.55	1765.4	821.52	0.04	0	marine	NA	NA	54	de_novo	NA	mothur
0.03	0.03	16381600	5005860000	3027950	2415070	0.871516	0.999395	0.843997	0.999518	0.843997	0.998917	0.857104	0.857536	230.7614	00:03:50	1770.58	2188.23	1764.53	1766.4	821.29	1.98	0	marine	NA	NA	55	de_novo	NA	mothur
0.03	0.03	16371900	5005870000	3017850	2424840	0.870997	0.999398	0.844358	0.999516	0.844358	0.998917	0.857032	0.857471	219.1473	00:03:39	1770.59	2186.34	1762.47	1764.5	836.66	0.05	0	marine	NA	NA	56	de_novo	NA	mothur
0.03	0.03	16378300	5005870000	3023740	2418400	0.871339	0.999396	0.844153	0.999517	0.844153	0.998918	0.857096	0.857531	196.294	00:03:16	1769.64	2188.31	1764.46	1766.16	328.4	1.99	0	marine	NA	NA	57	de_novo	NA	mothur
0.03	0.03	16380700	5005860000	3026980	2415990	0.871467	0.999396	0.844032	0.999518	0.844032	0.998917	0.857097	0.85753	192.5307	00:03:12	1769.2	2186.34	1762.54	1764.09	810.7	0.05	0	marine	NA	NA	58	de_novo	NA	mothur
0.03	0.03	16369900	5005880000	3014930	2426810	0.870892	0.999398	0.84447	0.999515	0.84447	0.998918	0.857037	0.857477	173.7755	00:02:53	1772.57	2188.3	1769.86	1770.28	836.66	1.98	0	marine	NA	NA	59	de_novo	NA	mothur
0.03	0.03	16380300	5005860000	3029210	2416450	0.871443	0.999395	0.843931	0.999518	0.843931	0.998917	0.857034	0.857466	191.9337	00:03:11	1770.59	2186.34	1767.95	1768.55	836.66	0.04	0	marine	NA	NA	60	de_novo	NA	mothur
0.03	0.03	16376700	5005870000	3024750	2420000	0.871254	0.999396	0.844097	0.999517	0.844097	0.998917	0.857025	0.85746	177.4321	00:02:57	1770.59	2186.34	1762.53	1764.05	836.66	0.04	0	marine	NA	NA	61	de_novo	NA	mothur
0.03	0.03	16361400	5005880000	3009150	2435330	0.870439	0.999399	0.844653	0.999514	0.844653	0.998917	0.856906	0.857352	251.7639	00:04:11	1764.81	2186.34	1762.54	1762.72	8.15	0.06	0	marine	NA	NA	62	de_novo	NA	mothur
0.03	0.03	16375400	5005870000	3019910	2421290	0.871186	0.999397	0.844297	0.999517	0.844297	0.998918	0.857094	0.85753	202.0291	00:03:22	1768.37	2188.23	1764.4	1764.97	8.05	1.98	0	marine	NA	NA	63	de_novo	NA	mothur
0.03	0.03	16379200	5005870000	3025630	2417500	0.871387	0.999396	0.844078	0.999517	0.844078	0.998917	0.857082	0.857515	165.4947	00:02:45	1770.59	2186.34	1762.54	1765.6	820.59	0.04	0	marine	NA	NA	64	de_novo	NA	mothur
0.03	0.03	16373900	5005870000	3019430	2422760	0.871107	0.999397	0.844306	0.999516	0.844306	0.998918	0.85706	0.857497	168.7791	00:02:48	1771.98	2188.3	1769.88	1770.07	836.66	1.96	0	marine	NA	NA	65	de_novo	NA	mothur
0.03	0.03	16373600	5005870000	3019990	2423100	0.871089	0.999397	0.844279	0.999516	0.844279	0.998917	0.857037	0.857474	233.6345	00:03:53	1771.92	2188.3	1764.4	1767.16	825.09	1.98	0	marine	NA	NA	66	de_novo	NA	mothur
0.03	0.03	16373900	5005870000	3020470	2422780	0.871106	0.999397	0.844261	0.999516	0.844261	0.998917	0.857036	0.857473	243.6064	00:04:03	1770.59	2186.34	1767.89	1768.26	836.66	0.05	0	marine	NA	NA	67	de_novo	NA	mothur
0.03	0.03	16374000	5005870000	3021960	2422670	0.871112	0.999397	0.844197	0.999516	0.844197	0.998917	0.857006	0.857443	201.3504	00:03:21	1772.57	2188.3	1764.45	1767.51	836.66	1.98	0	marine	NA	NA	68	de_novo	NA	mothur
0.03	0.03	16385800	5005860000	3032720	2410920	0.871737	0.999395	0.843823	0.999519	0.843823	0.998917	0.857124	0.857553	193.1779	00:03:13	1767.47	2186.34	1762.54	1763.84	818.11	0.05	0	marine	NA	NA	69	de_novo	NA	mothur
0.03	0.03	16383900	5005860000	3035200	2412820	0.871636	0.999394	0.8437	0.999518	0.8437	0.998916	0.857011	0.857441	217.3462	00:03:37	1764.81	2186.34	1762.61	1762.82	8.6	0.04	0	marine	NA	NA	70	de_novo	NA	mothur
0.03	0.03	16377700	5005870000	3021700	2418970	0.871309	0.999397	0.844238	0.999517	0.844238	0.998918	0.857124	0.85756	235.3477	00:03:55	1767.18	2188.3	1764.46	1764.69	801.56	1.98	0	marine	NA	NA	71	de_novo	NA	mothur
0.03	0.03	16374300	5005870000	3019650	2422400	0.871126	0.999397	0.844299	0.999516	0.844299	0.998918	0.857066	0.857503	167.965	00:02:47	1772.57	2188.3	1764.46	1766	836.66	1.97	0	marine	NA	NA	72	de_novo	NA	mothur
0.03	0.03	16379500	5005860000	3027040	2417150	0.871406	0.999396	0.84402	0.999517	0.84402	0.998917	0.857061	0.857494	192.2594	00:03:12	1770.59	2186.34	1762.54	1765.41	794.46	0.04	0	marine	NA	NA	73	de_novo	NA	mothur
0.03	0.03	16373300	5005870000	3020400	2423410	0.871072	0.999397	0.844258	0.999516	0.844258	0.998917	0.857018	0.857456	215.8165	00:03:35	1770.59	2186.34	1767.95	1768.56	836.66	0.05	0	marine	NA	NA	74	de_novo	NA	mothur
0.03	0.03	16373600	5005870000	3018030	2423110	0.871089	0.999397	0.844364	0.999516	0.844364	0.998918	0.85708	0.857518	208.2563	00:03:28	1770.59	2186.34	1767.95	1768.55	836.66	0.05	0	marine	NA	NA	75	de_novo	NA	mothur
0.03	0.03	16363100	5005880000	3010480	2433590	0.870531	0.999399	0.844609	0.999514	0.844609	0.998917	0.856929	0.857374	210.8337	00:03:30	1767.09	2186.34	1764.48	1764.99	814.59	0.05	0	marine	NA	NA	76	de_novo	NA	mothur
0.03	0.03	16377400	5005870000	3023290	2419330	0.871289	0.999396	0.844165	0.999517	0.844165	0.998917	0.857078	0.857513	208.7054	00:03:28	1768.38	2186.34	1762.54	1763.79	813.03	0.05	0	marine	NA	NA	77	de_novo	NA	mothur
0.03	0.03	16380900	5005860000	3028020	2415820	0.871476	0.999395	0.843988	0.999518	0.843988	0.998917	0.85708	0.857512	217.0908	00:03:37	1770.59	2186.34	1767.88	1768.28	836.6	0.05	0	marine	NA	NA	78	de_novo	NA	mothur
0.03	0.03	16373400	5005870000	3019340	2423300	0.871079	0.999397	0.844306	0.999516	0.844306	0.998917	0.857045	0.857483	176.8139	00:02:56	1770.59	2186.34	1762.47	1764.43	18.13	0.05	0	marine	NA	NA	79	de_novo	NA	mothur
0.03	0.03	16383800	5005860000	3032760	2412880	0.871633	0.999395	0.843806	0.999518	0.843806	0.998917	0.857064	0.857494	165.6711	00:02:45	1769.14	2186.34	1762.81	1764.97	803.18	1.98	0	marine	NA	NA	80	de_novo	NA	mothur
0.03	0.03	16374900	5005870000	3021250	2421760	0.87116	0.999397	0.844235	0.999516	0.844235	0.998917	0.857049	0.857486	172.2219	00:02:52	1767.4	2188.3	1764.46	1765.01	809.21	1.98	0	marine	NA	NA	81	de_novo	NA	mothur
0.03	0.03	16379500	5005870000	3025150	2417200	0.871403	0.999396	0.844102	0.999517	0.844102	0.998918	0.857102	0.857535	167.0431	00:02:47	1772.57	2188.3	1767.31	1768.98	811.35	1.97	0	marine	NA	NA	82	de_novo	NA	mothur
0.03	0.03	16376200	5005870000	3021120	2420490	0.871228	0.999397	0.844251	0.999517	0.844251	0.998918	0.857091	0.857527	171.2775	00:02:51	1772.57	2188.3	1769.86	1770.32	831.27	1.97	0	marine	NA	NA	83	de_novo	NA	mothur
0.03	0.03	16380200	5005860000	3028780	2416460	0.871442	0.999395	0.84395	0.999518	0.84395	0.998917	0.857043	0.857476	198.2425	00:03:18	1772.57	2188.3	1764.4	1766.38	794.46	1.98	0	marine	NA	NA	84	de_novo	NA	mothur
0.03	0.03	16386200	5005860000	3034050	2410480	0.87176	0.999394	0.843769	0.999519	0.843769	0.998917	0.857108	0.857536	205.4236	00:03:25	1768.71	2186.34	1763.25	1764.68	801.4	0.06	0	marine	NA	NA	85	de_novo	NA	mothur
0.03	0.03	16377400	5005870000	3021520	2419300	0.871291	0.999397	0.844243	0.999517	0.844243	0.998918	0.857118	0.857554	198.3318	00:03:18	1770.82	2188.23	1768.13	1768.6	38.86	1.99	0	marine	NA	NA	86	de_novo	NA	mothur
0.03	0.03	16376500	5005870000	3024930	2420210	0.871243	0.999396	0.844087	0.999517	0.844087	0.998917	0.857015	0.85745	169.2104	00:02:49	1770.59	2188.18	1764.47	1765.84	807.15	1.97	0	marine	NA	NA	87	de_novo	NA	mothur
0.03	0.03	16374100	5005870000	3018590	2422650	0.871113	0.999397	0.844344	0.999516	0.844344	0.998918	0.857082	0.85752	193.4921	00:03:13	1770.59	2186.34	1762.54	1764.5	4.91	0.05	0	marine	NA	NA	88	de_novo	NA	mothur
0.03	0.03	16376300	5005870000	3022840	2420420	0.871231	0.999397	0.844176	0.999517	0.844176	0.998917	0.857055	0.857491	220.5528	00:03:40	1767.04	2186.34	1764.4	1764.9	823.98	0.05	0	marine	NA	NA	89	de_novo	NA	mothur
0.03	0.03	16380400	5005860000	3028760	2416310	0.87145	0.999395	0.843952	0.999518	0.843952	0.998917	0.857048	0.857481	165.7431	00:02:45	1770.59	2188.3	1763.12	1765.86	10.34	1.97	0	marine	NA	NA	90	de_novo	NA	mothur
0.03	0.03	16383700	5005860000	3030620	2413040	0.871624	0.999395	0.843898	0.999518	0.843898	0.998917	0.857106	0.857537	168.9248	00:02:48	1770.58	2188.3	1764.88	1765.38	813.62	1.96	0	marine	NA	NA	91	de_novo	NA	mothur
0.03	0.03	16375400	5005870000	3022140	2421340	0.871183	0.999397	0.8442	0.999517	0.8442	0.998917	0.857043	0.857479	205.2797	00:03:25	1772.57	2188.23	1769.87	1770.36	836.66	1.98	0	marine	NA	NA	92	de_novo	NA	mothur
0.03	0.03	16373900	5005870000	3020480	2422840	0.871103	0.999397	0.84426	0.999516	0.84426	0.998917	0.857034	0.857471	181.4756	00:03:01	1770.59	2186.34	1763.09	1764.85	799.3	0.04	0	marine	NA	NA	93	de_novo	NA	mothur
0.03	0.03	16382000	5005860000	3028960	2414730	0.871534	0.999395	0.843956	0.999518	0.843956	0.998917	0.857092	0.857524	189.0976	00:03:09	1770.59	2186.34	1767.95	1768.56	836.66	0.04	0	marine	NA	NA	94	de_novo	NA	mothur
0.03	0.03	16381300	5005860000	3026930	2415420	0.871498	0.999396	0.844039	0.999518	0.844039	0.998918	0.857116	0.857548	192.3815	00:03:12	1770.59	2186.34	1767.95	1768.56	836.66	0.05	0	marine	NA	NA	95	de_novo	NA	mothur
0.03	0.03	16364800	5005880000	3014030	2431870	0.870623	0.999398	0.844468	0.999514	0.844468	0.998917	0.856903	0.857346	219.8311	00:03:39	1765.14	2186.34	1762.88	1763.13	809.23	0.05	0	marine	NA	NA	96	de_novo	NA	mothur
0.03	0.03	16380300	5005860000	3026780	2416410	0.871445	0.999396	0.844037	0.999518	0.844037	0.998917	0.857089	0.857522	178.3959	00:02:58	1770.59	2186.34	1767.88	1768.37	836.66	0.04	0	marine	NA	NA	97	de_novo	NA	mothur
0.03	0.03	16379500	5005870000	3024490	2417240	0.871401	0.999396	0.84413	0.999517	0.84413	0.998918	0.857115	0.857549	190.6446	00:03:10	1770.59	2186.34	1767.88	1768.36	836.66	0.05	0	marine	NA	NA	98	de_novo	NA	mothur
0.03	0.03	16375300	5005870000	3021880	2421420	0.871178	0.999397	0.84421	0.999517	0.84421	0.998917	0.857046	0.857482	211.9886	00:03:31	1768.07	2186.34	1763.5	1763.89	21.38	0.06	0	marine	NA	NA	99	de_novo	NA	mothur
0.03	0.03	16383800	5005860000	3030850	2412940	0.871629	0.999395	0.843888	0.999518	0.843888	0.998917	0.857104	0.857534	248.4271	00:04:08	1770.59	2186.34	1767.88	1768.23	836.66	0.06	0	marine	NA	NA	100	de_novo	NA	mothur
0.03	0.03	6031760	636115000	581665	797688	0.883199	0.999086	0.912048	0.998748	0.912048	0.997857	0.896427	0.897392	54.2723	00:00:54	654.41	1070.15	646.36	649.39	661.58	0.02	0	mouse	NA	NA	1	de_novo	NA	mothur
0.03	0.03	6029050	636119000	576896	800399	0.882802	0.999094	0.91267	0.998743	0.91267	0.99786	0.896533	0.897488	65.3856	00:01:05	654.41	1070.15	646.36	649.24	673.28	0.02	0	mouse	NA	NA	2	de_novo	NA	mothur
0.03	0.03	6028820	636119000	577438	800630	0.882768	0.999093	0.912592	0.998743	0.912592	0.997859	0.896477	0.897432	67.5861	00:01:07	652.78	1070.15	646.32	648.04	226.77	0.02	0	mouse	NA	NA	3	de_novo	NA	mothur
0.03	0.03	6029350	636117000	579662	800104	0.882845	0.99909	0.912292	0.998744	0.912292	0.997856	0.896367	0.897327	63.5099	00:01:03	654.41	1070.15	649.96	651.09	665.77	0.02	0	mouse	NA	NA	4	de_novo	NA	mothur
0.03	0.03	6028370	636120000	576688	801083	0.882702	0.999094	0.91269	0.998742	0.91269	0.997859	0.896492	0.897445	76.1301	00:01:16	654.58	1070.19	651.88	652.31	686.85	1.58	0	mouse	NA	NA	5	de_novo	NA	mothur
0.03	0.03	6029790	636117000	579428	799663	0.88291	0.99909	0.91233	0.998744	0.91233	0.997857	0.896419	0.897379	75.9138	00:01:15	654.59	1070.19	651.95	652.53	686.7	1.58	0	mouse	NA	NA	6	de_novo	NA	mothur
0.03	0.03	6028670	636120000	576470	800784	0.882745	0.999095	0.912724	0.998743	0.912724	0.99786	0.896531	0.897484	53.6065	00:00:53	654.41	1070.15	646.36	648.31	664.62	0.02	0	mouse	NA	NA	7	de_novo	NA	mothur
0.03	0.03	6029090	636117000	579282	800361	0.882807	0.99909	0.912341	0.998743	0.912341	0.997856	0.896372	0.897331	57.4591	00:00:57	654.4	1070.15	646.36	647.86	672.01	0.02	0	mouse	NA	NA	8	de_novo	NA	mothur
0.03	0.03	6029850	636118000	578168	799604	0.882918	0.999092	0.912505	0.998745	0.912505	0.997859	0.896511	0.897468	77.0864	00:01:17	654.59	1070.19	651.88	652.23	686.86	1.58	0	mouse	NA	NA	9	de_novo	NA	mothur
0.03	0.03	6026450	636123000	573589	802998	0.882421	0.999099	0.913093	0.998739	0.913093	0.997861	0.896548	0.897495	58.3322	00:00:58	648.34	1070.15	646.29	646.46	648.37	0.04	0	mouse	NA	NA	10	de_novo	NA	mothur
0.03	0.03	6026930	636120000	575873	802520	0.882491	0.999096	0.912784	0.99874	0.912784	0.997858	0.89643	0.897382	53.6119	00:00:53	650.86	1070.15	646.29	647.12	653.15	0.02	0	mouse	NA	NA	11	de_novo	NA	mothur
0.03	0.03	6027440	636120000	576316	802006	0.882567	0.999095	0.912729	0.998741	0.912729	0.997858	0.896442	0.897394	62.2406	00:01:02	654.4	1070.15	646.37	649.28	668.26	0.02	0	mouse	NA	NA	12	de_novo	NA	mothur
0.03	0.03	6027100	636120000	575990	802356	0.882515	0.999095	0.91277	0.99874	0.91277	0.997858	0.896436	0.897388	68.8246	00:01:08	650.89	1070.15	646.36	647.69	664.82	0.02	0	mouse	NA	NA	13	de_novo	NA	mothur
0.03	0.03	6029220	636119000	577563	800231	0.882826	0.999093	0.91258	0.998744	0.91258	0.997859	0.896501	0.897457	63.7653	00:01:03	654.4	1070.15	647.64	649.89	650.02	0.02	0	mouse	NA	NA	14	de_novo	NA	mothur
0.03	0.03	6027300	636121000	575420	802147	0.882546	0.999096	0.912851	0.998741	0.912851	0.997859	0.896492	0.897443	57.5751	00:00:57	654.41	1070.15	647.84	650.17	655.88	0.02	0	mouse	NA	NA	15	de_novo	NA	mothur
0.03	0.03	6026500	636121000	574942	802950	0.882428	0.999097	0.912907	0.998739	0.912907	0.997859	0.896459	0.897409	60.5465	00:01:00	654.41	1070.15	650.02	651.33	660.35	0.02	0	mouse	NA	NA	16	de_novo	NA	mothur
0.03	0.03	6032660	636114000	582302	796794	0.88333	0.999085	0.911972	0.998749	0.911972	0.997857	0.896456	0.897422	54.0475	00:00:54	654.41	1070.15	651.7	652.25	679.36	0.02	0	mouse	NA	NA	17	de_novo	NA	mothur
0.03	0.03	6028190	636119000	576846	801260	0.882676	0.999094	0.912666	0.998742	0.912666	0.997859	0.896466	0.89742	70.3227	00:01:10	654.33	1070.15	651.76	652.36	686.85	0.02	0	mouse	NA	NA	18	de_novo	NA	mothur
0.03	0.03	6027750	636119000	576896	801702	0.882611	0.999094	0.912653	0.998741	0.912653	0.997858	0.896427	0.897381	54.3542	00:00:54	654.41	1070.15	646.37	649.4	667.19	0.02	0	mouse	NA	NA	19	de_novo	NA	mothur
0.03	0.03	6023040	636124000	571860	806407	0.881922	0.999102	0.913288	0.998734	0.913288	0.997858	0.896389	0.897331	70.8943	00:01:10	654.4	1070.15	651.77	652.38	686.85	0.02	0	mouse	NA	NA	20	de_novo	NA	mothur
0.03	0.03	6029070	636117000	579054	800378	0.882805	0.999091	0.912372	0.998743	0.912372	0.997856	0.896387	0.897345	53.6666	00:00:53	654.41	1070.15	646.36	649.39	669.12	0.02	0	mouse	NA	NA	21	de_novo	NA	mothur
0.03	0.03	6027900	636120000	576285	801553	0.882633	0.999095	0.912739	0.998742	0.912739	0.997859	0.896481	0.897434	68.9602	00:01:08	654.4	1070.15	646.29	649.17	675.69	0.02	0	mouse	NA	NA	22	de_novo	NA	mothur
0.03	0.03	6024040	636124000	571876	805414	0.882068	0.999102	0.913298	0.998735	0.913298	0.99786	0.896469	0.897411	56.0802	00:00:56	654.41	1070.15	651.77	652.38	686.85	0.02	0	mouse	NA	NA	23	de_novo	NA	mothur
0.03	0.03	6024960	636124000	572103	804494	0.882202	0.999101	0.913279	0.998737	0.913279	0.997861	0.896528	0.897472	54.1521	00:00:54	654.41	1070.15	651.77	652.38	686.85	0.02	0	mouse	NA	NA	24	de_novo	NA	mothur
0.03	0.03	6029960	636117000	579108	799486	0.882936	0.99909	0.912377	0.998745	0.912377	0.997858	0.896456	0.897415	62.0243	00:01:02	650.04	1070.15	646.3	647.16	41.84	0.02	0	mouse	NA	NA	25	de_novo	NA	mothur
0.03	0.03	6026780	636117000	579476	802669	0.882469	0.99909	0.912284	0.99874	0.912284	0.997852	0.89617	0.897129	55.7386	00:00:55	654.41	1070.15	651.78	652.36	686.85	0.04	0	mouse	NA	NA	26	de_novo	NA	mothur
0.03	0.03	6026510	636122000	574514	802939	0.88243	0.999098	0.91296600000000006	0.998739	0.91296600000000006	0.99786	0.896489	0.897438	54.0291	00:00:54	654.41	1070.15	646.36	649.43	667.93	0.02	0	mouse	NA	NA	27	de_novo	NA	mothur
0.03	0.03	6028420	636119000	577556	801034	0.882709	0.999093	0.912571	0.998742	0.912571	0.997858	0.896436	0.897391	58.7948	00:00:58	654.4	1070.15	651.7	652.19	686.85	0.04	0	mouse	NA	NA	28	de_novo	NA	mothur
0.03	0.03	6029770	636117000	579223	799680	0.882907	0.99909	0.912358	0.998744	0.912358	0.997857	0.896432	0.897391	58.9841	00:00:58	654.4	1070.15	646.36	648.27	644.66	0.02	0	mouse	NA	NA	29	de_novo	NA	mothur
0.03	0.03	6025230	636123000	573090	804219	0.882243	0.9991	0.913146	0.998737	0.913146	0.99786	0.896483	0.897428	60.5311	00:01:00	653.13	1070.15	646.3	648.09	650.81	0.02	0	mouse	NA	NA	30	de_novo	NA	mothur
0.03	0.03	6028520	636119000	576984	800930	0.882724	0.999094	0.912651	0.998742	0.912651	0.997859	0.896484	0.897438	61.7121	00:01:01	653.77	1070.15	646.3	648.04	646.28	0.05	0	mouse	NA	NA	31	de_novo	NA	mothur
0.03	0.03	6027830	636120000	576216	801621	0.882623	0.999095	0.912748	0.998741	0.912748	0.997859	0.89648	0.897433	72.8695	00:01:12	649.43	1065.25	646.88	647.46	686.85	0.01	0	mouse	NA	NA	32	de_novo	NA	mothur
0.03	0.03	6030170	636117000	579063	799277	0.882966	0.999091	0.912386	0.998745	0.912386	0.997858	0.896476	0.897435	57.2046	00:00:57	654.4	1070.15	647.8	649.76	650.97	0.02	0	mouse	NA	NA	33	de_novo	NA	mothur
0.03	0.03	6026830	636119000	577367	802620	0.882477	0.999093	0.912576	0.99874	0.912576	0.997856	0.896319	0.897274	53.9044	00:00:53	654.41	1070.15	651.7	652.18	686.85	0.02	0	mouse	NA	NA	34	de_novo	NA	mothur
0.03	0.03	6029810	636118000	578287	799637	0.882913	0.999092	0.912488	0.998745	0.912488	0.997859	0.8965	0.897457	60.5308	00:01:00	654.4	1070.15	651.7	652.15	686.84	0.02	0	mouse	NA	NA	35	de_novo	NA	mothur
0.03	0.03	6026010	636120000	575948	803443	0.882356	0.999095	0.912761	0.998739	0.912761	0.997857	0.89635	0.897301	56.0392	00:00:56	654.4	1070.15	646.36	649.36	665.54	0.04	0	mouse	NA	NA	36	de_novo	NA	mothur
0.03	0.03	6027010	636121000	575193	802439	0.882503	0.999097	0.912879	0.99874	0.912879	0.997859	0.896484	0.897434	68.5339	00:01:08	654.4	1070.15	651.76	652.36	686.85	0.02	0	mouse	NA	NA	37	de_novo	NA	mothur
0.03	0.03	6029800	636118000	578385	799650	0.882912	0.999092	0.912474	0.998745	0.912474	0.997859	0.896492	0.89745	62.0688	00:01:02	654.41	1070.15	646.29	647.85	173.98	0.02	0	mouse	NA	NA	38	de_novo	NA	mothur
0.03	0.03	6025370	636124000	572679	804078	0.882263	0.999101	0.913205	0.998738	0.913205	0.997861	0.896523	0.897467	55.195	00:00:55	654.41	1070.15	646.29	649.2	644.66	0.02	0	mouse	NA	NA	39	de_novo	NA	mothur
0.03	0.03	6026880	636122000	574414	802566	0.882485	0.999098	0.912985	0.99874	0.912985	0.99786	0.896527	0.897476	61.3064	00:01:01	650.55	1070.15	646.33	647.06	653.37	0.05	0	mouse	NA	NA	40	de_novo	NA	mothur
0.03	0.03	6028580	636119000	577020	800872	0.882733	0.999094	0.912647	0.998743	0.912647	0.997859	0.896486	0.897441	61.0164	00:01:01	654.41	1070.15	648.63	650.33	660.91	0.03	0	mouse	NA	NA	41	de_novo	NA	mothur
0.03	0.03	6026980	636122000	574428	802473	0.882498	0.999098	0.912984	0.99874	0.912984	0.99786	0.896533	0.897482	60.8012	00:01:00	654.41	1070.15	651.36	651.94	672.36	0.02	0	mouse	NA	NA	42	de_novo	NA	mothur
0.03	0.03	6030110	636117000	579362	799341	0.882957	0.99909	0.912344	0.998745	0.912344	0.997858	0.89645	0.89741	53.9984	00:00:53	654.41	1070.15	646.37	649.43	667.91	0.02	0	mouse	NA	NA	43	de_novo	NA	mothur
0.03	0.03	6025780	636123000	573498	803668	0.882323	0.999099	0.913097	0.998738	0.913097	0.99786	0.8965	0.897446	57.5871	00:00:57	654.41	1070.15	651.71	652.25	686.85	0.02	0	mouse	NA	NA	44	de_novo	NA	mothur
0.03	0.03	6027160	636122000	574688	802293	0.882525	0.999097	0.91295	0.99874	0.91295	0.99786	0.89653	0.89748000000000006	63.606	00:01:03	649.83	1070.15	647.78	647.83	675.98	0.02	0	mouse	NA	NA	45	de_novo	NA	mothur
0.03	0.03	6026930	636120000	575812	802519	0.882491	0.999096	0.912792	0.99874	0.912792	0.997858	0.896435	0.897386	60.8518	00:01:00	654.41	1070.15	646.3	649.07	661.38	0.02	0	mouse	NA	NA	46	de_novo	NA	mothur
0.03	0.03	6028440	636117000	579581	801014	0.882712	0.99909	0.912291	0.998742	0.912291	0.997855	0.896298	0.897258	70.3957	00:01:10	654.41	1070.15	651.77	652.38	686.85	0.02	0	mouse	NA	NA	47	de_novo	NA	mothur
0.03	0.03	6028250	636120000	576312	801197	0.882685	0.999095	0.91274	0.998742	0.91274	0.997859	0.896508	0.897461	57.7491	00:00:57	654.4	1070.15	646.3	649.19	644.66	0.03	0	mouse	NA	NA	48	de_novo	NA	mothur
0.03	0.03	6028970	636114000	581826	800484	0.882789	0.999086	0.911988	0.998743	0.911988	0.997852	0.896187	0.897151	54.784	00:00:54	654.4	1070.15	646.36	649.22	666.66	0.02	0	mouse	NA	NA	49	de_novo	NA	mothur
0.03	0.03	6027350	636119000	577636	802103	0.882552	0.999093	0.912545	0.998741	0.912545	0.997856	0.896343	0.897298	62.4895	00:01:02	654.4	1070.15	651.7	652.1	686.85	0.02	0	mouse	NA	NA	50	de_novo	NA	mothur
0.03	0.03	6024690	636123000	572920	804757	0.882164	0.9991	0.913163	0.998737	0.913163	0.997859	0.896451	0.897396	53.6802	00:00:53	651.85	1070.15	646.37	647.98	671.02	0.02	0	mouse	NA	NA	51	de_novo	NA	mothur
0.03	0.03	6029360	636119000	577564	800088	0.882847	0.999093	0.912582	0.998744	0.912582	0.997859	0.896513	0.897468	60.3756	00:01:00	654.41	1070.15	651.7	652.18	686.85	0.02	0	mouse	NA	NA	52	de_novo	NA	mothur
0.03	0.03	6025350	636121000	575713	804101	0.88226	0.999096	0.912785	0.998738	0.912785	0.997856	0.896312	0.897263	55.1631	00:00:55	654.4	1070.15	651.7	652.11	685.4	0.02	0	mouse	NA	NA	53	de_novo	NA	mothur
0.03	0.03	6027040	636120000	576211	802410	0.882507	0.999095	0.912738	0.99874	0.912738	0.997858	0.896416	0.897368	57.6492	00:00:57	654.4	1070.15	649.48	650.67	660.69	0.04	0	mouse	NA	NA	54	de_novo	NA	mothur
0.03	0.03	6031300	636115000	580986	798147	0.883132	0.999087	0.912135	0.998747	0.912135	0.997857	0.896436	0.897399	57.2472	00:00:57	654.4	1070.15	651.7	652.08	686.85	0.03	0	mouse	NA	NA	55	de_novo	NA	mothur
0.03	0.03	6026900	636121000	574954	802547	0.882487	0.999097	0.91291	0.99874	0.91291	0.997859	0.896491	0.897441	61.1924	00:01:01	654.41	1070.15	651.7	652.15	686.85	0.02	0	mouse	NA	NA	56	de_novo	NA	mothur
0.03	0.03	6024940	636124000	571957	804513	0.882199	0.999102	0.913299	0.998737	0.913299	0.997861	0.896537	0.89748000000000006	71.1236	00:01:11	654.4	1070.15	646.35	649.38	667.06	0.02	0	mouse	NA	NA	57	de_novo	NA	mothur
0.03	0.03	6026370	636122000	573925	803081	0.882409	0.999099	0.913046	0.998739	0.913046	0.99786	0.896518	0.897466	60.2396	00:01:00	654.41	1070.15	651.77	652.36	686.85	0.02	0	mouse	NA	NA	58	de_novo	NA	mothur
0.03	0.03	6024490	636123000	573643	804964	0.882133	0.999099	0.91306	0.998736	0.91306	0.997858	0.896384	0.89733	60.8863	00:01:00	654.4	1070.15	646.29	647.85	485.29	0.02	0	mouse	NA	NA	59	de_novo	NA	mothur
0.03	0.03	6027020	636120000	575802	802436	0.882504	0.999096	0.912794	0.99874	0.912794	0.997858	0.896442	0.897394	56.7968	00:00:56	654.41	1070.15	651.77	652.38	686.85	0.02	0	mouse	NA	NA	60	de_novo	NA	mothur
0.03	0.03	6027870	636119000	576931	801577	0.882629	0.999094	0.91265	0.998741	0.91265	0.997858	0.896435	0.897389	78.0766	00:01:18	652.51	1070.19	648.78	649.57	662.05	1.62	0	mouse	NA	NA	61	de_novo	NA	mothur
0.03	0.03	6030710	636114000	582286	798738	0.883045	0.999085	0.911948	0.998746	0.911948	0.997854	0.896299	0.897264	57.8473	00:00:57	654.41	1070.15	646.89	648.63	646.86	0.02	0	mouse	NA	NA	62	de_novo	NA	mothur
0.03	0.03	6029370	636117000	579783	800079	0.882849	0.999089	0.912276	0.998744	0.912276	0.997856	0.896361	0.897321	58.1696	00:00:58	650.8	1070.15	648.47	648.79	29.19	0.03	0	mouse	NA	NA	63	de_novo	NA	mothur
0.03	0.03	6026400	636121000	575692	803052	0.882413	0.999096	0.912802	0.998739	0.912802	0.997858	0.896399	0.89735	61.006100000000004	00:01:01	654.41	1070.15	651.77	652.38	686.85	0.02	0	mouse	NA	NA	64	de_novo	NA	mothur
0.03	0.03	6024520	636124000	572656	804934	0.882138	0.999101	0.913197	0.998736	0.913197	0.997859	0.896454	0.897399	56.2324	00:00:56	654.41	1070.15	646.36	649.18	658.57	0.02	0	mouse	NA	NA	65	de_novo	NA	mothur
0.03	0.03	6028230	636115000	580910	801223	0.882681	0.999088	0.912105	0.998742	0.912105	0.997852	0.89619	0.897152	59.1604	00:00:59	651.18	1070.15	646.29	647.81	654.9	0.02	0	mouse	NA	NA	66	de_novo	NA	mothur
0.03	0.03	6030570	636117000	578938	798885	0.883024	0.999091	0.912408	0.998746	0.912408	0.997859	0.896517	0.897475	62.1649	00:01:02	654.4	1070.15	648.16	650.26	657.92	0.02	0	mouse	NA	NA	67	de_novo	NA	mothur
0.03	0.03	6027040	636117000	578842	802409	0.882508	0.999091	0.912375	0.99874	0.912375	0.997854	0.896235	0.897193	65.5954	00:01:05	654.4	1070.15	651.69	652.06	685.05	0.02	0	mouse	NA	NA	68	de_novo	NA	mothur
0.03	0.03	6028680	636120000	575871	800769	0.882748	0.999096	0.912807	0.998743	0.912807	0.997861	0.896573	0.897526	64.2101	00:01:04	654.41	1070.15	646.36	649.42	663.06	0.02	0	mouse	NA	NA	69	de_novo	NA	mothur
0.03	0.03	6025610	636123000	573690	803840	0.882298	0.999099	0.913068	0.998738	0.913068	0.997859	0.896473	0.897419	65.552	00:01:05	654.4	1070.15	651.76	652.37	686.86	0.02	0	mouse	NA	NA	70	de_novo	NA	mothur
0.03	0.03	6026180	636122000	573875	803272	0.882381	0.999099	0.91305	0.998739	0.91305	0.99786	0.896506	0.897454	54.4565	00:00:54	654.41	1070.15	648.2	649.78	646.98	0.02	0	mouse	NA	NA	71	de_novo	NA	mothur
0.03	0.03	6026340	636122000	574419	803113	0.882404	0.999098	0.912977	0.998739	0.912977	0.997859	0.896482	0.89743	54.1897	00:00:54	654.41	1070.15	646.29	648.79	644.66	0.02	0	mouse	NA	NA	72	de_novo	NA	mothur
0.03	0.03	6028640	636119000	576967	800809	0.882742	0.999094	0.912655	0.998743	0.912655	0.997859	0.896495	0.897449	60.909	00:01:00	654.4	1070.15	651.7	652.07	686.85	0.02	0	mouse	NA	NA	73	de_novo	NA	mothur
0.03	0.03	6024010	636121000	575164	805445	0.882063	0.999097	0.912843	0.998735	0.912843	0.997855	0.89624	0.897189	53.5931	00:00:53	654.41	1070.15	647.81	650.1	647.01	0.02	0	mouse	NA	NA	74	de_novo	NA	mothur
0.03	0.03	6029560	636119000	577698	799889	0.882877	0.999093	0.912566	0.998744	0.912566	0.997859	0.89652	0.897476	60.9136	00:01:00	654.41	1070.15	646.37	649.43	670.61	0.02	0	mouse	NA	NA	75	de_novo	NA	mothur
0.03	0.03	6028230	636119000	577653	801224	0.882681	0.999093	0.912555	0.998742	0.912555	0.997857	0.896414	0.897369	55.075	00:00:55	654.41	1070.15	651.77	652.38	686.86	0.02	0	mouse	NA	NA	76	de_novo	NA	mothur
0.03	0.03	6025260	636123000	573597	804191	0.882247	0.999099	0.913076	0.998737	0.913076	0.997859	0.89645	0.897397	60.4878	00:01:00	654.41	1070.15	651.7	652.19	686.85	0.02	0	mouse	NA	NA	77	de_novo	NA	mothur
0.03	0.03	6029880	636118000	578225	799573	0.882923	0.999092	0.912498	0.998745	0.912498	0.997859	0.896509	0.897467	61.4166	00:01:01	654.41	1070.15	646.36	648.24	644.66	0.02	0	mouse	NA	NA	78	de_novo	NA	mothur
0.03	0.03	6028580	636119000	576808	800876	0.882732	0.999094	0.912676	0.998743	0.912676	0.997859	0.8965	0.897454	55.0115	00:00:55	654.41	1070.15	651.71	652.18	686.85	0.02	0	mouse	NA	NA	79	de_novo	NA	mothur
0.03	0.03	6028340	636120000	576443	801115	0.882697	0.999095	0.912723	0.998742	0.912723	0.997859	0.896506	0.897459	65.8401	00:01:05	648.96	1070.15	646.37	646.67	272.68	0.02	0	mouse	NA	NA	80	de_novo	NA	mothur
0.03	0.03	6025950	636122000	574786	803504	0.882347	0.999097	0.912921	0.998738	0.912921	0.997858	0.896425	0.897374	59.3498	00:00:59	654.41	1070.15	646.3	647.85	644.66	0.02	0	mouse	NA	NA	81	de_novo	NA	mothur
0.03	0.03	6029980	636116000	579898	799470	0.882938	0.999089	0.912268	0.998745	0.912268	0.997857	0.896403	0.897363	63.3377	00:01:03	654.4	1070.15	651.77	652.38	686.85	0.02	0	mouse	NA	NA	82	de_novo	NA	mothur
0.03	0.03	6028620	636119000	577343	800829	0.882739	0.999093	0.912603	0.998743	0.912603	0.997858	0.896467	0.897422	54.2886	00:00:54	654.41	1070.15	651.71	652.22	686.85	0.02	0	mouse	NA	NA	83	de_novo	NA	mothur
0.03	0.03	6026660	636121000	575604	802790	0.882452	0.999096	0.912817	0.99874	0.912817	0.997858	0.896427	0.897378	58.5043	00:00:58	654.4	1070.15	651.7	652.11	686.85	0.02	0	mouse	NA	NA	84	de_novo	NA	mothur
0.03	0.03	6027080	636121000	575586	802370	0.882513	0.999096	0.912825	0.99874	0.912825	0.997859	0.896462	0.897413	57.9653	00:00:57	654.4	1070.15	646.29	647.8	644.66	0.02	0	mouse	NA	NA	85	de_novo	NA	mothur
0.03	0.03	6029230	636119000	577228	800222	0.882828	0.999093	0.912627	0.998744	0.912627	0.99786	0.896525	0.89748000000000006	69.7319	00:01:09	654.4	1070.15	651.77	652.38	686.85	0.02	0	mouse	NA	NA	86	de_novo	NA	mothur
0.03	0.03	6028030	636120000	576629	801418	0.882653	0.999094	0.912694	0.998742	0.912694	0.997859	0.896468	0.897422	61.1461	00:01:01	654.41	1070.15	651.77	652.36	686.85	0.02	0	mouse	NA	NA	87	de_novo	NA	mothur
0.03	0.03	6028030	636119000	576886	801425	0.882652	0.999094	0.912658	0.998742	0.912658	0.997858	0.89645	0.897404	53.9377	00:00:53	654.41	1070.15	651.71	652.07	686.85	0.02	0	mouse	NA	NA	88	de_novo	NA	mothur
0.03	0.03	6028700	636118000	578165	800748	0.882751	0.999092	0.91249	0.998743	0.91249	0.997857	0.896417	0.897374	53.5126	00:00:53	654.41	1070.15	648.35	650.46	663.66	0.05	0	mouse	NA	NA	89	de_novo	NA	mothur
0.03	0.03	6032110	636115000	581688	797340	0.88325	0.999086	0.912049	0.998748	0.912049	0.997857	0.896454	0.897419	65.4934	00:01:05	654.4	1070.15	649.71	651.06	657.79	0.04	0	mouse	NA	NA	90	de_novo	NA	mothur
0.03	0.03	6027610	636120000	576291	801840	0.882591	0.999095	0.912735	0.998741	0.912735	0.997858	0.896457	0.89741	68.773	00:01:08	654.4	1070.15	651.7	652.07	686.86	0.02	0	mouse	NA	NA	91	de_novo	NA	mothur
0.03	0.03	6027970	636119000	576998	801484	0.882643	0.999094	0.912642	0.998742	0.912642	0.997858	0.896438	0.897392	56.5999	00:00:56	654.41	1070.15	646.36	649.22	686.85	0.03	0	mouse	NA	NA	92	de_novo	NA	mothur
0.03	0.03	6027860	636121000	575619	801590	0.882627	0.999096	0.912831	0.998741	0.912831	0.99786	0.896524	0.897475	60.7474	00:01:00	654.4	1070.15	646.36	648.33	662.84	0.02	0	mouse	NA	NA	93	de_novo	NA	mothur
0.03	0.03	6031570	636116000	580503	797885	0.88317	0.999088	0.912206	0.998747	0.912206	0.997858	0.896491	0.897453	56.8985	00:00:56	654.4	1070.15	646.3	648.52	646.5	0.02	0	mouse	NA	NA	94	de_novo	NA	mothur
0.03	0.03	6026950	636121000	575436	802500	0.882494	0.999096	0.912844	0.99874	0.912844	0.997859	0.896462	0.897413	57.0792	00:00:57	653.04	1070.15	646.37	648.63	682.02	0.02	0	mouse	NA	NA	95	de_novo	NA	mothur
0.03	0.03	6031260	636116000	580575	798193	0.883125	0.999088	0.912192	0.998747	0.912192	0.997857	0.896461	0.897423	61.0723	00:01:01	654.4	1070.15	646.3	649.21	653.32	0.02	0	mouse	NA	NA	96	de_novo	NA	mothur
0.03	0.03	6025620	636121000	575477	803828	0.8823	0.999096	0.912821	0.998738	0.912821	0.997857	0.896351	0.897301	57.0549	00:00:57	654.4	1070.15	651.27	651.82	674.39	0.02	0	mouse	NA	NA	97	de_novo	NA	mothur
0.03	0.03	6025770	636121000	575500	803680	0.882321	0.999096	0.91282	0.998738	0.91282	0.997857	0.896361	0.897312	54.0601	00:00:54	654.41	1070.15	646.36	649.38	658.03	0.02	0	mouse	NA	NA	98	de_novo	NA	mothur
0.03	0.03	6025480	636123000	573672	803971	0.882279	0.999099	0.913069	0.998738	0.913069	0.997859	0.896463	0.89741	60.7725	00:01:00	654.41	1070.15	651.71	652.19	686.85	0.02	0	mouse	NA	NA	99	de_novo	NA	mothur
0.03	0.03	6028410	636119000	576994	801045	0.882707	0.999094	0.912648	0.998742	0.912648	0.997859	0.896474	0.897428	67.1092	00:01:07	654.4	1070.15	651.77	652.32	686.85	0.02	0	mouse	NA	NA	100	de_novo	NA	mothur
0.03	0.03	7678400	13988700000	1715370	3706940	0.674411	0.999877	0.817393	0.999735	0.817393	0.999613	0.74228	0.73905	136.5019	00:02:16	1121.62	1537.23	1113.57	1116.6	495.38	3.13	0	soil	NA	NA	1	de_novo	NA	mothur
0.03	0.03	7745380	13988600000	1793650	3639960	0.680294	0.999872	0.811967	0.99974	0.811967	0.999612	0.743031	0.740321	136.0317	00:02:16	1121.62	1537.23	1117.65	1118.63	489.94	3.16	0	soil	NA	NA	2	de_novo	NA	mothur
0.03	0.03	7605650	13988500000	1902970	3779700	0.668021	0.999864	0.799869	0.99973	0.799869	0.999594	0.730781	0.728024	174.7765	00:02:54	1118.93	1534.58	1116.21	1116.7	516.77	0.07	0	soil	NA	NA	3	de_novo	NA	mothur
0.03	0.03	7741310	13988600000	1788350	3644040	0.679936	0.999872	0.812338	0.99974	0.812338	0.999612	0.743005	0.740263	121.1719	00:02:01	1118.93	1534.58	1116.22	1116.83	516.57	0.04	0	soil	NA	NA	4	de_novo	NA	mothur
0.03	0.03	7699370	13988600000	1738260	3685970	0.676253	0.999876	0.815816	0.999737	0.815816	0.999613	0.742576	0.739507	137.5688	00:02:17	1121.61	1537.23	1113.56	1116.62	497.26	3.13	0	soil	NA	NA	5	de_novo	NA	mothur
0.03	0.03	7757650	13988600000	1812420	3627700	0.681371	0.99987	0.810616	0.999741	0.810616	0.999611	0.743	0.740396	125.4517	00:02:05	1117.02	1534.58	1114.88	1115.2	501.54	0.05	0	soil	NA	NA	6	de_novo	NA	mothur
0.03	0.03	7734480	13988600000	1784190	3650870	0.679336	0.999872	0.812559	0.999739	0.812559	0.999612	0.742779	0.739999	120.925	00:02:00	1116.37	1534.58	1110.88	1112.57	495.93	0.04	0	soil	NA	NA	7	de_novo	NA	mothur
0.03	0.03	7745350	13988600000	1792310	3640000	0.680291	0.999872	0.812081	0.99974	0.812081	0.999612	0.743081	0.740367	181.5505	00:03:01	1118.93	1534.58	1110.87	1113.87	493.75	0.06	0	soil	NA	NA	8	de_novo	NA	mothur
0.03	0.03	7801340	13988500000	1876670	3584000	0.685209	0.999866	0.80609	0.999744	0.80609	0.99961	0.743005	0.74075	137.4973	00:02:17	1121.62	1537.23	1118.91	1119.28	516.77	3.13	0	soil	NA	NA	9	de_novo	NA	mothur
0.03	0.03	7739110	13988600000	1792610	3646240	0.679743	0.999872	0.811932	0.999739	0.811932	0.999612	0.742714	0.739981	183.0173	00:03:03	1118.93	1534.58	1113.95	1114.93	481.58	0.05	0	soil	NA	NA	10	de_novo	NA	mothur
0.03	0.03	7707650	13988600000	1746560	3677700	0.67698	0.999875	0.815261	0.999737	0.815261	0.999613	0.742721	0.739713	136.1984	00:02:16	1121.63	1537.23	1113.58	1116.65	496.76	3.13	0	soil	NA	NA	11	de_novo	NA	mothur
0.03	0.03	7740300	13988600000	1790850	3645050	0.679847	0.999872	0.812105	0.999739	0.812105	0.999612	0.74285	0.740114	143.2724	00:02:23	1118.93	1534.58	1116.21	1116.63	516.77	0.04	0	soil	NA	NA	12	de_novo	NA	mothur
0.03	0.03	7820120	13988500000	1905450	3565220	0.686859	0.999864	0.804079	0.999745	0.804079	0.999609	0.74297	0.740861	164.9622	00:02:44	1114.82	1534.58	1110.87	1111.77	489.93	0.07	0	soil	NA	NA	13	de_novo	NA	mothur
0.03	0.03	7921950	13988300000	2088400	3463400	0.695802	0.999851	0.791376	0.999752	0.791376	0.999603	0.741856	0.740518	164.4007	00:02:44	1118.93	1534.58	1116.21	1116.59	516.78	0.04	0	soil	NA	NA	14	de_novo	NA	mothur
0.03	0.03	7687540	13988700000	1720460	3697810	0.675213	0.999877	0.817128	0.999736	0.817128	0.999613	0.742601	0.739423	146.5337	00:02:26	1114.13	1534.58	1112.02	1112.09	24.27	0.07	0	soil	NA	NA	15	de_novo	NA	mothur
0.03	0.03	7711790	13988600000	1756000	3673550	0.677344	0.999874	0.814529	0.999737	0.814529	0.999612	0.742588	0.739629	141.0691	00:02:21	1123.57	1545.75	1119.17	1119.97	477.21	0.43	0	soil	NA	NA	16	de_novo	NA	mothur
0.03	0.03	7737880	13988600000	1786240	3647470	0.679635	0.999872	0.812451	0.999739	0.812451	0.999612	0.742892	0.740131	135.9265	00:02:15	1118.92	1537.23	1113.56	1114.02	17.62	3.13	0	soil	NA	NA	17	de_novo	NA	mothur
0.03	0.03	7760210	13988600000	1818460	3625140	0.681596	0.99987	0.810155	0.999741	0.810155	0.999611	0.742911	0.740336	152.3443	00:02:32	1117.56	1534.58	1110.8	1112.43	9.39	0.05	0	soil	NA	NA	18	de_novo	NA	mothur
0.03	0.03	7714980	13988600000	1758430	3670370	0.677623	0.999874	0.814382	0.999738	0.814382	0.999612	0.742674	0.739735	153.0784	00:02:33	1118.93	1534.58	1116.21	1116.67	516.77	0.05	0	soil	NA	NA	19	de_novo	NA	mothur
0.03	0.03	7692700	13988600000	1724710	3692650	0.675667	0.999877	0.81686	0.999736	0.81686	0.999613	0.742729	0.739585	135.6631	00:02:15	1118.93	1537.23	1116.29	1116.98	516.77	3.13	0	soil	NA	NA	20	de_novo	NA	mothur
0.03	0.03	7737980	13988600000	1783920	3647370	0.679643	0.999872	0.812651	0.999739	0.812651	0.999612	0.742988	0.74022	121.2875	00:02:01	1118.93	1534.58	1116.21	1116.58	516.77	0.04	0	soil	NA	NA	21	de_novo	NA	mothur
0.03	0.03	7577750	13988500000	1865120	3807590	0.665571	0.999867	0.802484	0.999728	0.802484	0.999595	0.730631	0.727643	150.6451	00:02:30	1117.57	1534.58	1110.81	1112.44	495.18	0.05	0	soil	NA	NA	22	de_novo	NA	mothur
0.03	0.03	7685900	13988700000	1719260	3699450	0.67507	0.999877	0.817201	0.999736	0.817201	0.999613	0.742555	0.739367	149.8386	00:02:29	1118.93	1534.58	1110.8	1113.45	474.58	0.07	0	soil	NA	NA	23	de_novo	NA	mothur
0.03	0.03	7749760	13988600000	1802000	3635590	0.680678	0.999871	0.811343	0.99974	0.811343	0.999612	0.742955	0.740289	123.2975	00:02:03	1118.92	1534.58	1116.21	1116.66	511.39	0.04	0	soil	NA	NA	24	de_novo	NA	mothur
0.03	0.03	7711760	13988600000	1758820	3673580	0.677341	0.999874	0.814286	0.999737	0.814286	0.999612	0.742475	0.739527	159.589	00:02:39	1118.93	1534.58	1116.29	1116.9	516.77	0.05	0	soil	NA	NA	25	de_novo	NA	mothur
0.03	0.03	7731620	13988600000	1787460	3653720	0.679085	0.999872	0.812223	0.999739	0.812223	0.999611	0.742488	0.739711	150.4737	00:02:30	1118.93	1534.58	1110.88	1113.73	474.58	0.06	0	soil	NA	NA	26	de_novo	NA	mothur
0.03	0.03	7691290	13988600000	1725750	3694060	0.675543	0.999877	0.816742	0.999736	0.816742	0.999613	0.742607	0.739462	161.5039	00:02:41	1118.92	1534.58	1113.25	1115.19	502.33	0.06	0	soil	NA	NA	27	de_novo	NA	mothur
0.03	0.03	7711580	13988600000	1752630	3673770	0.677325	0.999875	0.814815	0.999737	0.814815	0.999612	0.742708	0.739736	150.0785	00:02:30	1118.93	1534.58	1110.8	1113.76	474.58	0.05	0	soil	NA	NA	28	de_novo	NA	mothur
0.03	0.03	7735250	13988600000	1785260	3650100	0.679404	0.999872	0.812482	0.999739	0.812482	0.999612	0.74278	0.740008	139.6166	00:02:19	1119.6	1537.23	1113.56	1114.9	485.05	3.13	0	soil	NA	NA	29	de_novo	NA	mothur
0.03	0.03	7692440	13988600000	1725990	3692910	0.675644	0.999877	0.816743	0.999736	0.816743	0.999613	0.742663	0.739523	137.8831	00:02:17	1121.62	1537.23	1113.45	1116.49	312.91	3.13	0	soil	NA	NA	30	de_novo	NA	mothur
0.03	0.03	7753800	13988600000	1804520	3631550	0.681033	0.999871	0.811209	0.99974	0.811209	0.999612	0.743087	0.740443	139.8487	00:02:19	1121.62	1537.23	1113.51	1116.43	492.35	3.13	0	soil	NA	NA	31	de_novo	NA	mothur
0.03	0.03	7749210	13988600000	1799010	3636140	0.68063	0.999871	0.811587	0.99974	0.811587	0.999612	0.743041	0.740362	173.3158	00:02:53	1118.93	1534.58	1116.29	1116.88	516.62	0.05	0	soil	NA	NA	32	de_novo	NA	mothur
0.03	0.03	7731970	13988600000	1781530	3653380	0.679116	0.999873	0.812737	0.999739	0.812737	0.999612	0.742739	0.739942	143.4808	00:02:23	1116.95	1534.58	1110.87	1112.62	159.18	0.05	0	soil	NA	NA	33	de_novo	NA	mothur
0.03	0.03	7732740	13988600000	1773840	3652610	0.679183	0.999873	0.813409	0.999739	0.813409	0.999612	0.743084	0.740261	189.0812	00:03:09	1114.93	1534.58	1110.81	1111.68	476.62	0.06	0	soil	NA	NA	34	de_novo	NA	mothur
0.03	0.03	7763880	13988500000	1821510	3621470	0.681918	0.99987	0.80997	0.999741	0.80997	0.999611	0.743002	0.740449	137.6681	00:02:17	1118.93	1537.23	1113.76	1113.98	488.41	3.13	0	soil	NA	NA	35	de_novo	NA	mothur
0.03	0.03	8033810	13988000000	2388440	3351540	0.705627	0.999829	0.770833	0.99976	0.770833	0.99959	0.737306	0.73679	153.0032	00:02:33	1117.66	1534.58	1110.81	1113.04	490.56	0.05	0	soil	NA	NA	36	de_novo	NA	mothur
0.03	0.03	7691230	13988600000	1723030	3694120	0.675537	0.999877	0.816976	0.999736	0.816976	0.999613	0.742711	0.739555	169.4415	00:02:49	1118.92	1537.23	1115.6	1116.23	503.26	3.14	0	soil	NA	NA	37	de_novo	NA	mothur
0.03	0.03	7810740	13988500000	1890780	3574610	0.686034	0.999865	0.805104	0.999745	0.805104	0.99961	0.742998	0.740815	154.7038	00:02:34	1114.94	1534.58	1110.87	1111.62	8.56	0.06	0	soil	NA	NA	38	de_novo	NA	mothur
0.03	0.03	7751000	13988600000	1804260	3634350	0.680787	0.999871	0.811176	0.99974	0.811176	0.999612	0.742938	0.740284	154.6379	00:02:34	1118.93	1534.58	1116.29	1116.88	516.77	0.05	0	soil	NA	NA	39	de_novo	NA	mothur
0.03	0.03	8107880	13987900000	2502570	3277470	0.712132	0.999821	0.764141	0.999766	0.764141	0.999587	0.737473	0.73722	136.6798	00:02:16	1117.21	1537.37	1115.02	1115.48	32.26	3.15	0	soil	NA	NA	40	de_novo	NA	mothur
0.03	0.03	7747100	13988600000	1803430	3638250	0.680444	0.999871	0.81117	0.99974	0.81117	0.999611	0.742748	0.740079	135.9703	00:02:15	1117.98	1537.23	1113.56	1114.88	500.01	3.13	0	soil	NA	NA	41	de_novo	NA	mothur
0.03	0.03	7693660	13988600000	1725820	3691690	0.675751	0.999877	0.816782	0.999736	0.816782	0.999613	0.742739	0.739603	168.7325	00:02:48	1121.62	1537.23	1118.98	1119.57	516.77	3.14	0	soil	NA	NA	42	de_novo	NA	mothur
0.03	0.03	8094530	13987900000	2472830	3290820	0.71096	0.999823	0.765994	0.999765	0.765994	0.999588	0.737759	0.737452	172.2884	00:02:52	1118.93	1534.58	1110.87	1113.71	483.02	0.05	0	soil	NA	NA	43	de_novo	NA	mothur
0.03	0.03	7808880	13988500000	1889360	3576470	0.685871	0.999865	0.805185	0.999744	0.805185	0.99961	0.742946	0.740755	137.243	00:02:17	1118.99	1537.23	1113.52	1114.68	479.75	3.12	0	soil	NA	NA	44	de_novo	NA	mothur
0.03	0.03	7696840	13988600000	1739300	3688510	0.67603	0.999876	0.815677	0.999736	0.815677	0.999612	0.74239	0.739317	165.5569	00:02:45	1116.86	1534.58	1111.94	1112.34	29.62	0.05	0	soil	NA	NA	45	de_novo	NA	mothur
0.03	0.03	7675960	13988700000	1709590	3709380	0.674197	0.999878	0.817849	0.999735	0.817849	0.999613	0.742369	0.739107	146.7586	00:02:26	1118.93	1534.58	1116.23	1116.68	486.44	0.06	0	soil	NA	NA	46	de_novo	NA	mothur
0.03	0.03	7734420	13988600000	1779190	3650930	0.679331	0.999873	0.812985	0.999739	0.812985	0.999612	0.74297	0.740173	136.3567	00:02:16	1121.63	1537.23	1118.99	1119.6	516.77	3.13	0	soil	NA	NA	47	de_novo	NA	mothur
0.03	0.03	7731840	13988600000	1784950	3653510	0.679104	0.999872	0.812442	0.999739	0.812442	0.999612	0.742598	0.739813	144.5138	00:02:24	1118.93	1534.58	1116.21	1116.63	516.77	0.05	0	soil	NA	NA	48	de_novo	NA	mothur
0.03	0.03	7740980	13988600000	1792610	3644370	0.679907	0.999872	0.811969	0.99974	0.811969	0.999612	0.742821	0.740093	161.1468	00:02:41	1118.93	1534.58	1116.29	1116.89	516.77	0.04	0	soil	NA	NA	49	de_novo	NA	mothur
0.03	0.03	7699430	13988600000	1742510	3685920	0.676258	0.999875	0.81545	0.999737	0.81545	0.999612	0.742412	0.73936	147.1764	00:02:27	1118.92	1534.58	1110.87	1112.8	7.47	0.06	0	soil	NA	NA	50	de_novo	NA	mothur
0.03	0.03	7750520	13988600000	1802320	3634820	0.680745	0.999871	0.811332	0.99974	0.811332	0.999612	0.742986	0.740324	137.0692	00:02:17	1118.93	1537.23	1114.36	1114.76	488.46	3.13	0	soil	NA	NA	51	de_novo	NA	mothur
0.03	0.03	7679640	13988700000	1713740	3705710	0.67452	0.999878	0.817559	0.999735	0.817559	0.999613	0.742415	0.739183	136.0804	00:02:16	1115.99	1537.23	1113.5	1113.95	486.68	3.16	0	soil	NA	NA	52	de_novo	NA	mothur
0.03	0.03	7731200	13988600000	1781330	3654150	0.679048	0.999873	0.812738	0.999739	0.812738	0.999612	0.742703	0.739903	157.9579	00:02:37	1118.93	1534.58	1110.88	1113.85	516.77	0.05	0	soil	NA	NA	53	de_novo	NA	mothur
0.03	0.03	7718960	13988600000	1762980	3666390	0.677973	0.999874	0.81407	0.999738	0.81407	0.999612	0.742723	0.739814	159.9302	00:02:39	1118.92	1534.58	1114.32	1115.13	5.27	0.06	0	soil	NA	NA	54	de_novo	NA	mothur
0.03	0.03	7592450	13988500000	1886010	3792900	0.666862	0.999865	0.801021	0.999729	0.801021	0.999594	0.730672	0.727811	164.4838	00:02:44	1118.93	1534.58	1112.57	1114.79	487.64	0.05	0	soil	NA	NA	55	de_novo	NA	mothur
0.03	0.03	7688980	13988600000	1728400	3696370	0.67534	0.999876	0.816467	0.999736	0.816467	0.999613	0.74237	0.739228	138.6925	00:02:18	1118.22	1537.23	1113.54	1114.55	3.82	3.13	0	soil	NA	NA	56	de_novo	NA	mothur
0.03	0.03	7704040	13988600000	1743920	3681310	0.676662	0.999875	0.815418	0.999737	0.815418	0.999613	0.742619	0.739589	135.6253	00:02:15	1118.93	1537.23	1116.22	1116.77	509.28	3.13	0	soil	NA	NA	57	de_novo	NA	mothur
0.03	0.03	7790470	13988500000	1869320	3594880	0.684254	0.999866	0.806484	0.999743	0.806484	0.99961	0.742668	0.740358	137.9107	00:02:17	1120.12	1537.23	1117.43	1117.88	515.39	3.14	0	soil	NA	NA	58	de_novo	NA	mothur
0.03	0.03	7740920	13988600000	1792900	3644430	0.679902	0.999872	0.811944	0.99974	0.811944	0.999612	0.742806	0.740079	153.3413	00:02:33	1118.93	1534.58	1110.87	1113.9	488.24	0.05	0	soil	NA	NA	59	de_novo	NA	mothur
0.03	0.03	7767930	13988500000	1834180	3617420	0.682274	0.999869	0.808982	0.999741	0.808982	0.999611	0.742741	0.740245	166.9169	00:02:46	1121.62	1537.23	1116.31	1118.03	490.82	3.14	0	soil	NA	NA	60	de_novo	NA	mothur
0.03	0.03	8094690	13987900000	2475160	3290660	0.710974	0.999823	0.765828	0.999765	0.765828	0.999588	0.737686	0.737382	137.3999	00:02:17	1121.62	1537.23	1117.27	1118.44	481.83	3.12	0	soil	NA	NA	61	de_novo	NA	mothur
0.03	0.03	7744180	13988600000	1794630	3641170	0.680188	0.999872	0.81186	0.99974	0.81186	0.999612	0.742924	0.740214	137.6186	00:02:17	1118.93	1537.23	1113.57	1114.59	487.97	3.13	0	soil	NA	NA	62	de_novo	NA	mothur
0.03	0.03	7735920	13988600000	1781690	3649430	0.679463	0.999873	0.8128	0.999739	0.8128	0.999612	0.742958	0.740175	138.2287	00:02:18	1121.62	1537.23	1113.45	1116.49	203.86	3.13	0	soil	NA	NA	63	de_novo	NA	mothur
0.03	0.03	7792600	13988500000	1866000	3592740	0.684441	0.999867	0.806804	0.999743	0.806804	0.99961	0.742918	0.740603	175.2044	00:02:55	1118.93	1534.58	1110.8	1112.36	482.33	0.07	0	soil	NA	NA	64	de_novo	NA	mothur
0.03	0.03	7761400	13988500000	1826030	3623950	0.681701	0.999869	0.809539	0.999741	0.809539	0.999611	0.742685	0.74014	146.8995	00:02:26	1118.93	1534.58	1110.8	1113.87	474.58	0.05	0	soil	NA	NA	65	de_novo	NA	mothur
0.03	0.03	7744580	13988600000	1789890	3640770	0.680223	0.999872	0.812271	0.99974	0.812271	0.999612	0.743132	0.740406	159.084	00:02:39	1118.92	1534.58	1110.81	1112.71	485.78	0.05	0	soil	NA	NA	66	de_novo	NA	mothur
0.03	0.03	7732260	13988600000	1776790	3653090	0.679141	0.999873	0.813147	0.999739	0.813147	0.999612	0.742941	0.740127	156.5592	00:02:36	1118.93	1534.58	1116.29	1116.89	516.77	0.05	0	soil	NA	NA	67	de_novo	NA	mothur
0.03	0.03	7791550	13988500000	1864360	3593800	0.684349	0.999867	0.806921	0.999743	0.806921	0.99961	0.742921	0.740597	137.9362	00:02:17	1121.62	1537.23	1118.91	1119.39	516.77	3.13	0	soil	NA	NA	68	de_novo	NA	mothur
0.03	0.03	7690150	13988600000	1723760	3695190	0.675443	0.999877	0.816892	0.999736	0.816892	0.999613	0.742621	0.739464	163.4226	00:02:43	1118.93	1534.58	1110.91	1113.08	476.21	0.04	0	soil	NA	NA	69	de_novo	NA	mothur
0.03	0.03	7766490	13988500000	1824650	3618860	0.682148	0.99987	0.809756	0.999741	0.809756	0.999611	0.743028	0.740495	137.6697	00:02:17	1121.62	1537.23	1113.5	1115.72	481.98	3.13	0	soil	NA	NA	70	de_novo	NA	mothur
0.03	0.03	7737510	13988600000	1790800	3647840	0.679602	0.999872	0.812055	0.999739	0.812055	0.999612	0.742693	0.739948	147.5752	00:02:27	1118.93	1534.58	1116.21	1116.58	516.77	0.05	0	soil	NA	NA	71	de_novo	NA	mothur
0.03	0.03	7809730	13988500000	1889370	3575620	0.685945	0.999865	0.80520099999999994	0.999744	0.80520099999999994	0.99961	0.742994	0.740804	137.5748	00:02:17	1121.63	1537.23	1113.51	1116.6	494.27	3.16	0	soil	NA	NA	72	de_novo	NA	mothur
0.03	0.03	7905700	13988300000	2067290	3479650	0.694375	0.999852	0.792711	0.999751	0.792711	0.999604	0.74172	0.740292	155.6708	00:02:35	1116.71	1534.58	1111.11	1112.96	489.81	0.05	0	soil	NA	NA	73	de_novo	NA	mothur
0.03	0.03	7747910	13988600000	1815450	3637430	0.680516	0.99987	0.810166	0.99974	0.810166	0.999611	0.742327	0.739703	163.4475	00:02:43	1118.93	1534.58	1116.22	1116.58	516.77	0.05	0	soil	NA	NA	74	de_novo	NA	mothur
0.03	0.03	7686140	13988600000	1723660	3699200	0.675091	0.999877	0.816823	0.999736	0.816823	0.999613	0.742395	0.739225	170.9526	00:02:50	1118.92	1537.23	1113.56	1114.39	10.25	3.14	0	soil	NA	NA	75	de_novo	NA	mothur
0.03	0.03	7722180	13988600000	1765880	3663170	0.678256	0.999874	0.813884	0.999738	0.813884	0.999612	0.742793	0.739906	141.7912	00:02:21	1118.93	1534.58	1110.81	1112.8	474.58	0.05	0	soil	NA	NA	76	de_novo	NA	mothur
0.03	0.03	8071080	13987900000	2438680	3314270	0.708901	0.999826	0.76796	0.999763	0.76796	0.999589	0.737635	0.73725	149.4852	00:02:29	1118.93	1534.58	1116.29	1116.89	516.77	0.05	0	soil	NA	NA	77	de_novo	NA	mothur
0.03	0.03	7685180	13988600000	1720850	3700160	0.675007	0.999877	0.817048	0.999736	0.817048	0.999613	0.742451	0.739266	136.1893	00:02:16	1121.63	1537.23	1118.92	1119.37	511.39	3.13	0	soil	NA	NA	78	de_novo	NA	mothur
0.03	0.03	7739580	13988600000	1792990	3645760	0.679785	0.999872	0.811909	0.999739	0.811909	0.999612	0.742726	0.739995	125.0272	00:02:05	1118.92	1534.58	1116.21	1116.58	505.3	0.04	0	soil	NA	NA	79	de_novo	NA	mothur
0.03	0.03	7722370	13988600000	1775260	3662980	0.678272	0.999873	0.813084	0.999738	0.813084	0.999612	0.742436	0.739585	183.2963	00:03:03	1118.93	1534.58	1110.88	1113.79	516.7	0.05	0	soil	NA	NA	80	de_novo	NA	mothur
0.03	0.03	7679810	13988700000	1708200	3705540	0.674534	0.999878	0.818045	0.999735	0.818045	0.999613	0.742645	0.73939	138.0308	00:02:18	1116.16	1537.23	1113.56	1113.88	483.54	3.16	0	soil	NA	NA	81	de_novo	NA	mothur
0.03	0.03	7887030	13988300000	2043690	3498320	0.692735	0.999854	0.794206	0.99975	0.794206	0.999604	0.741542	0.740008	136.3223	00:02:16	1121.62	1537.23	1113.5	1116.44	492.42	3.12	0	soil	NA	NA	82	de_novo	NA	mothur
0.03	0.03	7808140	13988500000	1887170	3577200	0.685806	0.999865	0.805353	0.999744	0.805353	0.99961	0.742989	0.740787	152.0468	00:02:32	1115.08	1534.58	1112.54	1112.86	492.59	0.05	0	soil	NA	NA	83	de_novo	NA	mothur
0.03	0.03	7727020	13988200000	2122250	3658330	0.678681	0.999848	0.784527	0.999739	0.784527	0.999587	0.729484	0.727776	138.5159	00:02:18	1121.61	1537.23	1118.96	1119.56	516.77	3.12	0	soil	NA	NA	84	de_novo	NA	mothur
0.03	0.03	7814130	13988500000	1897660	3571220	0.686332	0.999864	0.804602	0.999745	0.804602	0.999609	0.742927	0.740776	158.3764	00:02:38	1118.93	1534.58	1110.88	1113.77	514.97	0.05	0	soil	NA	NA	85	de_novo	NA	mothur
0.03	0.03	7752510	13988600000	1809330	3632840	0.68092	0.999871	0.810776	0.99974	0.810776	0.999611	0.742827	0.740196	147.7378	00:02:27	1118.93	1534.58	1110.88	1112.86	491.38	0.05	0	soil	NA	NA	86	de_novo	NA	mothur
0.03	0.03	7735600	13988600000	1781780	3649740	0.679435	0.999873	0.812787	0.999739	0.812787	0.999612	0.742937	0.740153	163.6753	00:02:43	1118.93	1534.58	1116.21	1116.56	516.77	0.06	0	soil	NA	NA	87	de_novo	NA	mothur
0.03	0.03	7753900	13988600000	1805860	3631450	0.681042	0.999871	0.811097	0.99974	0.811097	0.999612	0.743041	0.740402	170.6567	00:02:50	1121.63	1537.23	1118.99	1119.59	516.77	3.14	0	soil	NA	NA	88	de_novo	NA	mothur
0.03	0.03	7735920	13988600000	1781160	3649430	0.679462	0.999873	0.812845	0.999739	0.812845	0.999612	0.742979	0.740193	135.1742	00:02:15	1118.93	1534.58	1116.22	1116.77	509.28	0.04	0	soil	NA	NA	89	de_novo	NA	mothur
0.03	0.03	7753550	13988600000	1808590	3631800	0.681011	0.999871	0.810859	0.99974	0.810859	0.999611	0.742915	0.740285	168.8883	00:02:48	1118.58	1537.23	1113.51	1114.91	501.67	3.13	0	soil	NA	NA	90	de_novo	NA	mothur
0.03	0.03	7733190	13988600000	1784870	3652160	0.679223	0.999872	0.812475	0.999739	0.812475	0.999612	0.742678	0.739897	150.0796	00:02:30	1118.93	1534.58	1112.55	1114.68	490.29	0.05	0	soil	NA	NA	91	de_novo	NA	mothur
0.03	0.03	7755980	13988600000	1809580	3629370	0.681225	0.999871	0.810823	0.999741	0.810823	0.999612	0.743015	0.740396	162.2171	00:02:42	1118.93	1534.58	1116.21	1116.65	516.75	0.04	0	soil	NA	NA	92	de_novo	NA	mothur
0.03	0.03	7669410	13988700000	1697800	3715930	0.673621	0.999879	0.818751	0.999734	0.818751	0.999613	0.742462	0.739129	140.2896	00:02:20	1121.61	1537.23	1113.56	1115.5	474.58	3.12	0	soil	NA	NA	93	de_novo	NA	mothur
0.03	0.03	7709010	13988600000	1749190	3676340	0.677099	0.999875	0.815061	0.999737	0.815061	0.999613	0.742696	0.739703	136.3772	00:02:16	1121.62	1537.23	1113.5	1116.43	495.36	3.13	0	soil	NA	NA	94	de_novo	NA	mothur
0.03	0.03	7794730	13988500000	1871050	3590620	0.684628	0.999866	0.806425	0.999743	0.806425	0.99961	0.742844	0.740552	167.0017	00:02:47	1121.61	1537.23	1113.56	1116.39	490.68	3.16	0	soil	NA	NA	95	de_novo	NA	mothur
0.03	0.03	7723380	13988600000	1765160	3661970	0.678361	0.999874	0.813969	0.999738	0.813969	0.999612	0.74289	0.740004	180.203	00:03:00	1118.93	1534.58	1110.87	1113.79	486.07	0.09	0	soil	NA	NA	96	de_novo	NA	mothur
0.03	0.03	7735010	13988600000	1781980	3650340	0.679382	0.999873	0.812758	0.999739	0.812758	0.999612	0.742895	0.740109	137.0835	00:02:17	1121.61	1537.23	1118.91	1119.45	516.77	3.13	0	soil	NA	NA	97	de_novo	NA	mothur
0.03	0.03	7582530	13988500000	1870760	3802820	0.66599	0.999866	0.802105	0.999728	0.802105	0.999595	0.730688	0.727738	141.0917	00:02:21	1120.1	1536.59	1112.1	1114.1	516.77	0.05	0	soil	NA	NA	98	de_novo	NA	mothur
0.03	0.03	7724430	13988600000	1769690	3660920	0.678453	0.999874	0.813602	0.999738	0.813602	0.999612	0.742772	0.739907	168.205	00:02:48	1118.93	1537.23	1113.57	1114.57	30.26	3.14	0	soil	NA	NA	99	de_novo	NA	mothur
0.03	0.03	7791940	13988500000	1873830	3593410	0.684383	0.999866	0.806138	0.999743	0.806138	0.99961	0.742579	0.740288	155.4601	00:02:35	1118.93	1534.58	1116.29	1116.9	516.77	0.05	0	soil	NA	NA	100	de_novo	NA	mothur
