label	cutoff	tp	tn	fp	fn	sensitivity	specificity	ppv	npv	fdr	accuracy	mcc	f1score	dataset	ref	region	seed	method	printref	iter	numotus
0.03	0.03	41817200	34140600000	5352420	13473400	0.756317	0.999843	0.886528	0.999606	0.886528	0.99945	0.818571	0.816262	human	NA	NA	1	de_novo	NA	NA	NA
0.03	0.03	42572700	34139900000	6008660	12717900	0.76998	0.999824	0.876318	0.999628	0.876318	0.999452	0.821162	0.819715	human	NA	NA	2	de_novo	NA	NA	NA
0.03	0.03	42536000	34140000000	5951100	12754600	0.769317	0.999826	0.877264	0.999627	0.877264	0.999453	0.821251	0.819752	human	NA	NA	3	de_novo	NA	NA	NA
0.03	0.03	42630700	34139800000	6074430	12659900	0.77103	0.999822	0.875282	0.999629	0.875282	0.999452	0.821235	0.819855	human	NA	NA	4	de_novo	NA	NA	NA
0.03	0.03	41703300	34140700000	5204510	13587300	0.754257	0.999848	0.889048	0.999602	0.889048	0.999451	0.818618	0.816124	human	NA	NA	5	de_novo	NA	NA	NA
0.03	0.03	41810700	34140600000	5351690	13479900	0.756199	0.999843	0.886526	0.999605	0.886526	0.999449	0.818507	0.816193	human	NA	NA	6	de_novo	NA	NA	NA
0.03	0.03	42638800	34139800000	6064650	12651800	0.771177	0.999822	0.875478	0.99963	0.875478	0.999453	0.821406	0.820024	human	NA	NA	7	de_novo	NA	NA	NA
0.03	0.03	41742700	34140700000	5246950	13547900	0.754968	0.999846	0.888338	0.999603	0.888338	0.99945	0.818677	0.816241	human	NA	NA	8	de_novo	NA	NA	NA
0.03	0.03	42569400	34139900000	5988910	12721200	0.76992	0.999825	0.876666	0.999628	0.876666	0.999453	0.821293	0.819833	human	NA	NA	9	de_novo	NA	NA	NA
0.03	0.03	42601800	34139900000	6028310	12688900	0.770506	0.999823	0.876037	0.999628	0.876037	0.999453	0.821311	0.81989	human	NA	NA	10	de_novo	NA	NA	NA
0.03	0.03	42607700	34139900000	6029700	12683000	0.770613	0.999823	0.876027	0.999629	0.876027	0.999453	0.821363	0.819946	human	NA	NA	11	de_novo	NA	NA	NA
0.03	0.03	41815600	34140600000	5345160	13475000	0.756288	0.999843	0.886661	0.999605	0.886661	0.99945	0.818617	0.816302	human	NA	NA	12	de_novo	NA	NA	NA
0.03	0.03	42616900	34139900000	6044660	12673700	0.77078	0.999823	0.875782	0.999629	0.875782	0.999453	0.821337	0.819933	human	NA	NA	13	de_novo	NA	NA	NA
0.03	0.03	42658400	34139800000	6102920	12632200	0.77153	0.999821	0.874841	0.99963	0.874841	0.999452	0.821294	0.819944	human	NA	NA	14	de_novo	NA	NA	NA
0.03	0.03	42620800	34139900000	6050320	12669800	0.77085	0.999823	0.87569	0.999629	0.87569	0.999453	0.821331	0.819932	human	NA	NA	15	de_novo	NA	NA	NA
0.03	0.03	42535600	34140000000	5949920	12755000	0.76931	0.999826	0.877285	0.999627	0.877285	0.999453	0.821258	0.819757	human	NA	NA	16	de_novo	NA	NA	NA
0.03	0.03	42561800	34139900000	5997620	12728800	0.769783	0.999824	0.876489	0.999627	0.876489	0.999452	0.821137	0.819678	human	NA	NA	17	de_novo	NA	NA	NA
0.03	0.03	42531200	34140000000	5934700	12759400	0.76923	0.999826	0.877549	0.999626	0.877549	0.999453	0.821338	0.819827	human	NA	NA	18	de_novo	NA	NA	NA
0.03	0.03	42623400	34139800000	6058060	12667200	0.770898	0.999823	0.875557	0.999629	0.875557	0.999452	0.821294	0.819901	human	NA	NA	19	de_novo	NA	NA	NA
0.03	0.03	42536900	34140000000	5948010	12753700	0.769333	0.999826	0.877323	0.999627	0.877323	0.999453	0.821288	0.819787	human	NA	NA	20	de_novo	NA	NA	NA
0.03	0.03	42609300	34139900000	6027890	12681300	0.770643	0.999823	0.876064	0.999629	0.876064	0.999453	0.821396	0.819979	human	NA	NA	21	de_novo	NA	NA	NA
0.03	0.03	42561000	34139900000	5973840	12729600	0.76977	0.999825	0.876917	0.999627	0.876917	0.999453	0.82133	0.819857	human	NA	NA	22	de_novo	NA	NA	NA
0.03	0.03	41739700	34140700000	5245260	13550900	0.754915	0.999846	0.888363	0.999603	0.888363	0.99945	0.818659	0.816221	human	NA	NA	23	de_novo	NA	NA	NA
0.03	0.03	42622100	34139800000	6053000	12668600	0.770873	0.999823	0.875645	0.999629	0.875645	0.999453	0.821322	0.819926	human	NA	NA	24	de_novo	NA	NA	NA
0.03	0.03	42582000	34139900000	6000930	12708700	0.770148	0.999824	0.876481	0.999628	0.876481	0.999453	0.821328	0.819881	human	NA	NA	25	de_novo	NA	NA	NA
0.03	0.03	41836700	34140500000	5373040	13453900	0.756669	0.999843	0.886188	0.999606	0.886188	0.99945	0.818605	0.816323	human	NA	NA	26	de_novo	NA	NA	NA
0.03	0.03	42609300	34139900000	6030580	12681300	0.770642	0.999823	0.876016	0.999629	0.876016	0.999453	0.821373	0.819957	human	NA	NA	27	de_novo	NA	NA	NA
0.03	0.03	42622800	34139800000	6053980	12667800	0.770887	0.999823	0.875629	0.999629	0.875629	0.999453	0.821322	0.819926	human	NA	NA	28	de_novo	NA	NA	NA
0.03	0.03	42496300	34139900000	6005570	12794300	0.768599	0.999824	0.876179	0.999625	0.876179	0.99945	0.820358	0.81887	human	NA	NA	29	de_novo	NA	NA	NA
0.03	0.03	42531000	34139900000	6041860	12759600	0.769226	0.999823	0.875612	0.999626	0.875612	0.99945	0.820427	0.818979	human	NA	NA	30	de_novo	NA	NA	NA
0.03	0.03	41834200	34140500000	5382720	13456400	0.756624	0.999842	0.886	0.999606	0.886	0.999449	0.818493	0.816217	human	NA	NA	31	de_novo	NA	NA	NA
0.03	0.03	42632600	34139800000	6064310	12658000	0.771064	0.999822	0.875468	0.999629	0.875468	0.999453	0.821341	0.819956	human	NA	NA	32	de_novo	NA	NA	NA
0.03	0.03	42544300	34139900000	5960830	12746300	0.769467	0.999825	0.877109	0.999627	0.877109	0.999453	0.821259	0.81977	human	NA	NA	33	de_novo	NA	NA	NA
0.03	0.03	42534300	34140000000	5938030	12756300	0.769286	0.999826	0.877496	0.999626	0.877496	0.999453	0.821344	0.819836	human	NA	NA	34	de_novo	NA	NA	NA
0.03	0.03	42628900	34139800000	6072180	12661700	0.770997	0.999822	0.875317	0.999629	0.875317	0.999452	0.821234	0.819852	human	NA	NA	35	de_novo	NA	NA	NA
0.03	0.03	42547000	34139800000	6054920	12743600	0.769516	0.999823	0.875418	0.999627	0.875418	0.99945	0.820491	0.819058	human	NA	NA	36	de_novo	NA	NA	NA
0.03	0.03	41822200	34140500000	5364220	13468400	0.756407	0.999843	0.886319	0.999606	0.886319	0.999449	0.818523	0.816226	human	NA	NA	37	de_novo	NA	NA	NA
0.03	0.03	41721700	34140700000	5220620	13569000	0.754588	0.999847	0.888786	0.999603	0.888786	0.999451	0.818677	0.816208	human	NA	NA	38	de_novo	NA	NA	NA
0.03	0.03	42614200	34139900000	6040820	12676500	0.77073	0.999823	0.875844	0.999629	0.875844	0.999453	0.821339	0.819932	human	NA	NA	39	de_novo	NA	NA	NA
0.03	0.03	42648100	34139800000	6082650	12642500	0.771345	0.999822	0.875178	0.99963	0.875178	0.999453	0.821354	0.819987	human	NA	NA	40	de_novo	NA	NA	NA
0.03	0.03	42556200	34139900000	5965820	12734400	0.769682	0.999825	0.877049	0.999627	0.877049	0.999453	0.821346	0.819865	human	NA	NA	41	de_novo	NA	NA	NA
0.03	0.03	42556300	34139900000	5964510	12734300	0.769685	0.999825	0.877073	0.999627	0.877073	0.999453	0.821358	0.819877	human	NA	NA	42	de_novo	NA	NA	NA
0.03	0.03	42614100	34139900000	6050600	12676500	0.77073	0.999823	0.875668	0.999629	0.875668	0.999452	0.821257	0.819855	human	NA	NA	43	de_novo	NA	NA	NA
0.03	0.03	42594400	34139900000	6023820	12696200	0.770373	0.999824	0.8761	0.999628	0.8761	0.999453	0.821269	0.819842	human	NA	NA	44	de_novo	NA	NA	NA
0.03	0.03	42522800	34139900000	6031800	12767800	0.769079	0.999823	0.875773	0.999626	0.875773	0.99945	0.820425	0.818966	human	NA	NA	45	de_novo	NA	NA	NA
0.03	0.03	41703300	34140700000	5212630	13587300	0.754256	0.999847	0.888894	0.999602	0.888894	0.99945	0.818546	0.816059	human	NA	NA	46	de_novo	NA	NA	NA
0.03	0.03	42563600	34139900000	5978610	12727000	0.769817	0.999825	0.876837	0.999627	0.876837	0.999453	0.821318	0.819849	human	NA	NA	47	de_novo	NA	NA	NA
0.03	0.03	42586400	34139900000	6003010	12704200	0.770228	0.999824	0.876454	0.999628	0.876454	0.999453	0.821358	0.819915	human	NA	NA	48	de_novo	NA	NA	NA
0.03	0.03	42598300	34139900000	6019680	12692300	0.770444	0.999824	0.876184	0.999628	0.876184	0.999453	0.821347	0.819919	human	NA	NA	49	de_novo	NA	NA	NA
0.03	0.03	42651100	34139800000	6083710	12639500	0.771398	0.999822	0.875167	0.99963	0.875167	0.999453	0.821377	0.820013	human	NA	NA	50	de_novo	NA	NA	NA
0.03	0.03	41856700	34140500000	5401650	13433900	0.757031	0.999842	0.885699	0.999607	0.885699	0.999449	0.818574	0.816326	human	NA	NA	51	de_novo	NA	NA	NA
0.03	0.03	42594500	34139900000	6015700	12696100	0.770374	0.999824	0.876246	0.999628	0.876246	0.999453	0.821338	0.819907	human	NA	NA	52	de_novo	NA	NA	NA
0.03	0.03	42544400	34139900000	5967370	12746200	0.769468	0.999825	0.876991	0.999627	0.876991	0.999453	0.821204	0.819719	human	NA	NA	53	de_novo	NA	NA	NA
0.03	0.03	42603900	34139900000	6027450	12686700	0.770544	0.999823	0.876058	0.999629	0.876058	0.999453	0.821341	0.819921	human	NA	NA	54	de_novo	NA	NA	NA
0.03	0.03	41725200	34140700000	5224560	13565400	0.754652	0.999847	0.88872	0.999603	0.88872	0.999451	0.818681	0.816217	human	NA	NA	55	de_novo	NA	NA	NA
0.03	0.03	42421900	34140000000	5911010	12868700	0.767254	0.999827	0.877702	0.999623	0.877702	0.999451	0.820353	0.81877	human	NA	NA	56	de_novo	NA	NA	NA
0.03	0.03	42569000	34139900000	5983290	12721700	0.769913	0.999825	0.876766	0.999628	0.876766	0.999453	0.821336	0.819873	human	NA	NA	57	de_novo	NA	NA	NA
0.03	0.03	42527600	34140000000	5939940	12763000	0.769164	0.999826	0.877445	0.999626	0.877445	0.999453	0.821255	0.819744	human	NA	NA	58	de_novo	NA	NA	NA
0.03	0.03	42549800	34139900000	5957260	12740800	0.769567	0.999826	0.877188	0.999627	0.877188	0.999453	0.82135	0.819861	human	NA	NA	59	de_novo	NA	NA	NA
0.03	0.03	41749000	34140600000	5256900	13541600	0.755083	0.999846	0.888165	0.999604	0.888165	0.99945	0.818659	0.816235	human	NA	NA	60	de_novo	NA	NA	NA
0.03	0.03	42571800	34139900000	5991610	12718800	0.769964	0.999825	0.876623	0.999628	0.876623	0.999453	0.821296	0.819839	human	NA	NA	61	de_novo	NA	NA	NA
0.03	0.03	42601300	34139900000	6016610	12689300	0.770498	0.999824	0.876247	0.999628	0.876247	0.999453	0.821405	0.819977	human	NA	NA	62	de_novo	NA	NA	NA
0.03	0.03	42612700	34139900000	6039350	12677900	0.770704	0.999823	0.875866	0.999629	0.875866	0.999453	0.821336	0.819927	human	NA	NA	63	de_novo	NA	NA	NA
0.03	0.03	42563900	34139900000	5968890	12726800	0.769821	0.999825	0.877013	0.999627	0.877013	0.999453	0.821403	0.819928	human	NA	NA	64	de_novo	NA	NA	NA
0.03	0.03	41717600	34140700000	5213840	13573000	0.754516	0.999847	0.888905	0.999603	0.888905	0.999451	0.818693	0.816216	human	NA	NA	65	de_novo	NA	NA	NA
0.03	0.03	42581500	34139900000	6001300	12709100	0.77014	0.999824	0.876473	0.999628	0.876473	0.999453	0.82132	0.819873	human	NA	NA	66	de_novo	NA	NA	NA
0.03	0.03	42564000	34139900000	6002000	12726600	0.769823	0.999824	0.876416	0.999627	0.876416	0.999452	0.821124	0.819668	human	NA	NA	67	de_novo	NA	NA	NA
0.03	0.03	41734700	34140500000	5363090	13555900	0.754824	0.999843	0.88612899999999994	0.999603	0.88612899999999994	0.999447	0.817577	0.815223	human	NA	NA	68	de_novo	NA	NA	NA
0.03	0.03	42615400	34139900000	6041760	12675200	0.770754	0.999823	0.87583	0.999629	0.87583	0.999453	0.821345	0.819939	human	NA	NA	69	de_novo	NA	NA	NA
0.03	0.03	42488700	34139900000	5990140	12802000	0.768461	0.999825	0.876438	0.999625	0.876438	0.999451	0.820406	0.818905	human	NA	NA	70	de_novo	NA	NA	NA
0.03	0.03	42623500	34139900000	6052480	12667100	0.770899	0.999823	0.875658	0.999629	0.875658	0.999453	0.821342	0.819946	human	NA	NA	71	de_novo	NA	NA	NA
0.03	0.03	42617900	34139800000	6056760	12672700	0.770799	0.999823	0.875567	0.999629	0.875567	0.999452	0.821246	0.819849	human	NA	NA	72	de_novo	NA	NA	NA
0.03	0.03	41762200	34140600000	5270630	13528400	0.755322	0.999846	0.887937	0.999604	0.887937	0.99945	0.818684	0.816279	human	NA	NA	73	de_novo	NA	NA	NA
0.03	0.03	42521000	34140000000	5935230	12769700	0.769045	0.999826	0.877513	0.999626	0.877513	0.999453	0.821223	0.819706	human	NA	NA	74	de_novo	NA	NA	NA
0.03	0.03	42502800	34139900000	5959700	12787800	0.768716	0.999825	0.877024	0.999626	0.877024	0.999452	0.820818	0.819306	human	NA	NA	75	de_novo	NA	NA	NA
0.03	0.03	41613000	34140700000	5192830	13677600	0.752624	0.999848	0.889056	0.9996	0.889056	0.999448	0.817734	0.815171	human	NA	NA	76	de_novo	NA	NA	NA
0.03	0.03	42539000	34140000000	5951480	12751600	0.769372	0.999826	0.877265	0.999627	0.877265	0.999453	0.821281	0.819784	human	NA	NA	77	de_novo	NA	NA	NA
0.03	0.03	42613900	34139900000	6045600	12676700	0.770725	0.999823	0.875757	0.999629	0.875757	0.999453	0.821296	0.819891	human	NA	NA	78	de_novo	NA	NA	NA
0.03	0.03	42576200	34139900000	5995050	12714400	0.770044	0.999824	0.876572	0.999628	0.876572	0.999453	0.821315	0.819862	human	NA	NA	79	de_novo	NA	NA	NA
0.03	0.03	42642700	34139800000	6074100	12647900	0.771247	0.999822	0.875318	0.99963	0.875318	0.999453	0.821368	0.819994	human	NA	NA	80	de_novo	NA	NA	NA
0.03	0.03	41584100	34140700000	5162510	13706500	0.7521	0.999849	0.889564	0.999599	0.889564	0.999448	0.817682	0.815077	human	NA	NA	81	de_novo	NA	NA	NA
0.03	0.03	42533000	34140000000	5943710	12757700	0.769262	0.999826	0.87739	0.999626	0.87739	0.999453	0.821281	0.819776	human	NA	NA	82	de_novo	NA	NA	NA
0.03	0.03	41838800	34140500000	5373530	13451800	0.756707	0.999843	0.886184	0.999606	0.886184	0.99945	0.818623	0.816343	human	NA	NA	83	de_novo	NA	NA	NA
0.03	0.03	41707100	34140700000	5213040	13583500	0.754326	0.999847	0.888896	0.999602	0.888896	0.99945	0.818585	0.8161	human	NA	NA	84	de_novo	NA	NA	NA
0.03	0.03	41709000	34140700000	5203390	13581600	0.75436	0.999848	0.889083	0.999602	0.889083	0.999451	0.81869	0.816199	human	NA	NA	85	de_novo	NA	NA	NA
0.03	0.03	41833500	34140500000	5376440	13457100	0.756612	0.999843	0.886116	0.999606	0.886116	0.999449	0.81854	0.816259	human	NA	NA	86	de_novo	NA	NA	NA
0.03	0.03	42614100	34139900000	6037320	12676500	0.77073	0.999823	0.875907	0.999629	0.875907	0.999453	0.821369	0.819959	human	NA	NA	87	de_novo	NA	NA	NA
0.03	0.03	42550600	34139900000	5963030	12740000	0.769582	0.999825	0.877086	0.999627	0.877086	0.999453	0.821309	0.819824	human	NA	NA	88	de_novo	NA	NA	NA
0.03	0.03	41851500	34140500000	5398660	13439100	0.756937	0.999842	0.885743	0.999607	0.885743	0.999449	0.818544	0.81629	human	NA	NA	89	de_novo	NA	NA	NA
0.03	0.03	42558200	34139900000	5971530	12732400	0.769718	0.999825	0.876951	0.999627	0.876951	0.999453	0.821319	0.819843	human	NA	NA	90	de_novo	NA	NA	NA
0.03	0.03	42618300	34139900000	6048300	12672300	0.770806	0.999823	0.87572	0.999629	0.87572	0.999453	0.821321	0.81992	human	NA	NA	91	de_novo	NA	NA	NA
0.03	0.03	42590600	34139900000	6009670	12700000	0.770304	0.999824	0.876345	0.999628	0.876345	0.999453	0.821347	0.81991	human	NA	NA	92	de_novo	NA	NA	NA
0.03	0.03	42637300	34139800000	6075410	12653300	0.771149	0.999822	0.875281	0.99963	0.875281	0.999452	0.821298	0.819922	human	NA	NA	93	de_novo	NA	NA	NA
0.03	0.03	42638200	34139800000	6079080	12652400	0.771165	0.999822	0.875217	0.99963	0.875217	0.999452	0.821277	0.819903	human	NA	NA	94	de_novo	NA	NA	NA
0.03	0.03	42608100	34139900000	6040980	12682500	0.770622	0.999823	0.875825	0.999629	0.875825	0.999453	0.821273	0.819862	human	NA	NA	95	de_novo	NA	NA	NA
0.03	0.03	41700500	34140700000	5212160	13590100	0.754205	0.999847	0.888896	0.999602	0.888896	0.99945	0.81852	0.81603	human	NA	NA	96	de_novo	NA	NA	NA
0.03	0.03	42581300	34139900000	5997690	12709300	0.770137	0.999824	0.876538	0.999628	0.876538	0.999453	0.821349	0.8199	human	NA	NA	97	de_novo	NA	NA	NA
0.03	0.03	42492600	34139900000	5995180	12798000	0.768531	0.999824	0.876357	0.999625	0.876357	0.999451	0.820406	0.81891	human	NA	NA	98	de_novo	NA	NA	NA
0.03	0.03	41846600	34140500000	5385660	13444000	0.756849	0.999842	0.885975	0.999606	0.885975	0.999449	0.818604	0.816337	human	NA	NA	99	de_novo	NA	NA	NA
0.03	0.03	42644200	34139800000	6076420	12646500	0.771273	0.999822	0.87528	0.99963	0.87528	0.999453	0.821364	0.819992	human	NA	NA	100	de_novo	NA	NA	NA
0.03	0.03	11403100	13034300000	2362420	2824950	0.801453	0.999819	0.828381	0.999783	0.828381	0.999603	0.814607	0.814695	marine	NA	NA	1	de_novo	NA	NA	NA
0.03	0.03	11423400	13034300000	2382970	2804670	0.802877	0.999817	0.827401	0.999785	0.827401	0.999603	0.814848	0.814955	marine	NA	NA	2	de_novo	NA	NA	NA
0.03	0.03	11417100	13034300000	2374470	2810930	0.802438	0.999818	0.827832	0.999784	0.827832	0.999603	0.814837	0.814937	marine	NA	NA	3	de_novo	NA	NA	NA
0.03	0.03	11417100	13034300000	2373760	2811000	0.802433	0.999818	0.827874	0.999784	0.827874	0.999603	0.814856	0.814955	marine	NA	NA	4	de_novo	NA	NA	NA
0.03	0.03	11402200	13034300000	2360950	2825900	0.801385	0.999819	0.828458	0.999783	0.828458	0.999603	0.81461	0.814697	marine	NA	NA	5	de_novo	NA	NA	NA
0.03	0.03	11417400	13034300000	2374880	2810650	0.802457	0.999818	0.827811	0.999784	0.827811	0.999603	0.814837	0.814937	marine	NA	NA	6	de_novo	NA	NA	NA
0.03	0.03	11417200	13034300000	2374970	2810870	0.802442	0.999818	0.827803	0.999784	0.827803	0.999603	0.814825	0.814925	marine	NA	NA	7	de_novo	NA	NA	NA
0.03	0.03	11397800	13034300000	2355630	2830270	0.801078	0.999819	0.828724	0.999783	0.828724	0.999603	0.814585	0.814667	marine	NA	NA	8	de_novo	NA	NA	NA
0.03	0.03	11403700	13034300000	2360840	2824400	0.801491	0.999819	0.828484	0.999783	0.828484	0.999603	0.814677	0.814764	marine	NA	NA	9	de_novo	NA	NA	NA
0.03	0.03	11421200	13034300000	2383160	2806820	0.802727	0.999817	0.827362	0.999785	0.827362	0.999602	0.814753	0.814858	marine	NA	NA	10	de_novo	NA	NA	NA
0.03	0.03	11423400	13034300000	2383060	2804680	0.802877	0.999817	0.827395	0.999785	0.827395	0.999602	0.814845	0.814951	marine	NA	NA	11	de_novo	NA	NA	NA
0.03	0.03	11413100	13034300000	2370440	2814950	0.802155	0.999818	0.828024	0.999784	0.828024	0.999603	0.814788	0.814884	marine	NA	NA	12	de_novo	NA	NA	NA
0.03	0.03	11420100	13034300000	2379570	2807920	0.802649	0.999817	0.827564	0.999785	0.827564	0.999603	0.814813	0.814916	marine	NA	NA	13	de_novo	NA	NA	NA
0.03	0.03	11416600	13034300000	2374020	2811510	0.802397	0.999818	0.827852	0.999784	0.827852	0.999603	0.814827	0.814926	marine	NA	NA	14	de_novo	NA	NA	NA
0.03	0.03	11418100	13034300000	2375220	2810000	0.802503	0.999818	0.827799	0.999784	0.827799	0.999603	0.814854	0.814955	marine	NA	NA	15	de_novo	NA	NA	NA
0.03	0.03	11406200	13034300000	2364360	2821910	0.801666	0.999819	0.828303	0.999784	0.828303	0.999603	0.814677	0.814767	marine	NA	NA	16	de_novo	NA	NA	NA
0.03	0.03	11423100	13034300000	2382470	2804950	0.802858	0.999817	0.827427	0.999785	0.827427	0.999603	0.814851	0.814957	marine	NA	NA	17	de_novo	NA	NA	NA
0.03	0.03	11406800	13034300000	2365380	2821230	0.801714	0.999819	0.82825	0.999784	0.82825	0.999603	0.814675	0.814766	marine	NA	NA	18	de_novo	NA	NA	NA
0.03	0.03	11410300	13034300000	2374120	2817790	0.801955	0.999818	0.827767	0.999784	0.827767	0.999602	0.81456	0.814657	marine	NA	NA	19	de_novo	NA	NA	NA
0.03	0.03	11414400	13034300000	2371100	2813620	0.802249	0.999818	0.828001	0.999784	0.828001	0.999603	0.814825	0.814921	marine	NA	NA	20	de_novo	NA	NA	NA
0.03	0.03	11414600	13034300000	2385870	2813490	0.802258	0.999817	0.827116	0.999784	0.827116	0.999602	0.814393	0.814497	marine	NA	NA	21	de_novo	NA	NA	NA
0.03	0.03	11415100	13034300000	2370620	2813000	0.802292	0.999818	0.828038	0.999784	0.828038	0.999603	0.814865	0.814962	marine	NA	NA	22	de_novo	NA	NA	NA
0.03	0.03	11400600	13034300000	2357930	2827440	0.801277	0.999819	0.828621	0.999783	0.828621	0.999603	0.814636	0.814719	marine	NA	NA	23	de_novo	NA	NA	NA
0.03	0.03	11420000	13034300000	2380920	2808050	0.80264	0.999817	0.827481	0.999785	0.827481	0.999602	0.814767	0.814871	marine	NA	NA	24	de_novo	NA	NA	NA
0.03	0.03	11413900	13034300000	2369630	2814160	0.802211	0.999818	0.828082	0.999784	0.828082	0.999603	0.814845	0.814941	marine	NA	NA	25	de_novo	NA	NA	NA
0.03	0.03	11417700	13034300000	2375100	2810330	0.80248	0.999818	0.827802	0.999784	0.827802	0.999603	0.814844	0.814944	marine	NA	NA	26	de_novo	NA	NA	NA
0.03	0.03	11422900	13034300000	2383260	2805150	0.802844	0.999817	0.827377	0.999785	0.827377	0.999602	0.81482	0.814926	marine	NA	NA	27	de_novo	NA	NA	NA
0.03	0.03	11419800	13034300000	2376300	2808280	0.802624	0.999818	0.827756	0.999785	0.827756	0.999603	0.814894	0.814996	marine	NA	NA	28	de_novo	NA	NA	NA
0.03	0.03	11402600	13034300000	2358750	2825480	0.801415	0.999819	0.828596	0.999783	0.828596	0.999603	0.814693	0.814779	marine	NA	NA	29	de_novo	NA	NA	NA
0.03	0.03	11417500	13034300000	2374140	2810610	0.80246	0.999818	0.827856	0.999784	0.827856	0.999603	0.814861	0.81496	marine	NA	NA	30	de_novo	NA	NA	NA
0.03	0.03	11420400	13034300000	2377640	2807710	0.802664	0.999818	0.827682	0.999785	0.827682	0.999603	0.814878	0.814981	marine	NA	NA	31	de_novo	NA	NA	NA
0.03	0.03	11418400	13034300000	2376360	2809670	0.802526	0.999818	0.827734	0.999784	0.827734	0.999603	0.814834	0.814935	marine	NA	NA	32	de_novo	NA	NA	NA
0.03	0.03	11420900	13034300000	2382930	2807170	0.802702	0.999817	0.827372	0.999785	0.827372	0.999602	0.814745	0.81485	marine	NA	NA	33	de_novo	NA	NA	NA
0.03	0.03	11415300	13034300000	2372660	2812780	0.802307	0.999818	0.827918	0.999784	0.827918	0.999603	0.814813	0.814911	marine	NA	NA	34	de_novo	NA	NA	NA
0.03	0.03	11423700	13034300000	2381450	2804360	0.802899	0.999817	0.827496	0.999785	0.827496	0.999603	0.814906	0.815012	marine	NA	NA	35	de_novo	NA	NA	NA
0.03	0.03	11413400	13034300000	2369870	2814650	0.802176	0.999818	0.828062	0.999784	0.828062	0.999603	0.814818	0.814914	marine	NA	NA	36	de_novo	NA	NA	NA
0.03	0.03	11412500	13034300000	2371440	2815590	0.80211	0.999818	0.827956	0.999784	0.827956	0.999603	0.814732	0.814828	marine	NA	NA	37	de_novo	NA	NA	NA
0.03	0.03	11408600	13034300000	2362330	2819460	0.801838	0.999819	0.828455	0.999784	0.828455	0.999603	0.814839	0.814929	marine	NA	NA	38	de_novo	NA	NA	NA
0.03	0.03	11413500	13034300000	2369670	2814540	0.802184	0.999818	0.828075	0.999784	0.828075	0.999603	0.814828	0.814924	marine	NA	NA	39	de_novo	NA	NA	NA
0.03	0.03	11420800	13034300000	2378990	2807310	0.802692	0.999818	0.827606	0.999785	0.827606	0.999603	0.814855	0.814959	marine	NA	NA	40	de_novo	NA	NA	NA
0.03	0.03	11411200	13034300000	2373010	2816860	0.802021	0.999818	0.827846	0.999784	0.827846	0.999602	0.814632	0.814729	marine	NA	NA	41	de_novo	NA	NA	NA
0.03	0.03	11402700	13034300000	2361460	2825370	0.801423	0.999819	0.828434	0.999783	0.828434	0.999603	0.814618	0.814705	marine	NA	NA	42	de_novo	NA	NA	NA
0.03	0.03	11413200	13034300000	2371950	2814850	0.802162	0.999818	0.827935	0.999784	0.827935	0.999603	0.814748	0.814844	marine	NA	NA	43	de_novo	NA	NA	NA
0.03	0.03	11425000	13034300000	2385700	2803040	0.802992	0.999817	0.827258	0.999785	0.827258	0.999602	0.814836	0.814944	marine	NA	NA	44	de_novo	NA	NA	NA
0.03	0.03	11414300	13034300000	2369550	2813810	0.802235	0.999818	0.828092	0.999784	0.828092	0.999603	0.814863	0.814959	marine	NA	NA	45	de_novo	NA	NA	NA
0.03	0.03	11410400	13034300000	2365790	2817680	0.801963	0.999819	0.828269	0.999784	0.828269	0.999603	0.814812	0.814904	marine	NA	NA	46	de_novo	NA	NA	NA
0.03	0.03	11410100	13034300000	2365450	2817980	0.801942	0.999819	0.828286	0.999784	0.828286	0.999603	0.814809	0.814901	marine	NA	NA	47	de_novo	NA	NA	NA
0.03	0.03	11412800	13034300000	2368800	2815280	0.802132	0.999818	0.828119	0.999784	0.828119	0.999603	0.814823	0.814918	marine	NA	NA	48	de_novo	NA	NA	NA
0.03	0.03	11400200	13034300000	2357290	2827830	0.80125	0.999819	0.828654	0.999783	0.828654	0.999603	0.814638	0.814722	marine	NA	NA	49	de_novo	NA	NA	NA
0.03	0.03	11411700	13034300000	2364580	2816370	0.802055	0.999819	0.828359	0.999784	0.828359	0.999603	0.814902	0.814995	marine	NA	NA	50	de_novo	NA	NA	NA
0.03	0.03	11422400	13034300000	2380770	2805620	0.802811	0.999817	0.827521	0.999785	0.827521	0.999603	0.814874	0.814979	marine	NA	NA	51	de_novo	NA	NA	NA
0.03	0.03	11418800	13034300000	2375350	2809320	0.802551	0.999818	0.8278	0.999785	0.8278	0.999603	0.814879	0.81498	marine	NA	NA	52	de_novo	NA	NA	NA
0.03	0.03	11415500	13034300000	2374800	2812550	0.802324	0.999818	0.827792	0.999784	0.827792	0.999603	0.81476	0.814859	marine	NA	NA	53	de_novo	NA	NA	NA
0.03	0.03	11415100	13034300000	2371040	2812920	0.802297	0.999818	0.828013	0.999784	0.828013	0.999603	0.814855	0.814953	marine	NA	NA	54	de_novo	NA	NA	NA
0.03	0.03	11408100	13034300000	2368910	2819980	0.801802	0.999818	0.828053	0.999784	0.828053	0.999602	0.814623	0.814716	marine	NA	NA	55	de_novo	NA	NA	NA
0.03	0.03	11422200	13034300000	2382340	2805900	0.802791	0.999817	0.827423	0.999785	0.827423	0.999602	0.814815	0.814921	marine	NA	NA	56	de_novo	NA	NA	NA
0.03	0.03	11411000	13034300000	2371360	2817020	0.80201	0.999818	0.827943	0.999784	0.827943	0.999602	0.814674	0.81477	marine	NA	NA	57	de_novo	NA	NA	NA
0.03	0.03	11414000	13034300000	2370660	2814050	0.802218	0.999818	0.828022	0.999784	0.828022	0.999603	0.814819	0.814916	marine	NA	NA	58	de_novo	NA	NA	NA
0.03	0.03	11405100	13034300000	2361590	2823020	0.801588	0.999819	0.828456	0.999783	0.828456	0.999603	0.814713	0.814801	marine	NA	NA	59	de_novo	NA	NA	NA
0.03	0.03	11400500	13034300000	2358930	2827540	0.80127	0.999819	0.828559	0.999783	0.828559	0.999603	0.814602	0.814686	marine	NA	NA	60	de_novo	NA	NA	NA
0.03	0.03	11415200	13034300000	2371910	2812880	0.8023	0.999818	0.827961	0.999784	0.827961	0.999603	0.814831	0.814929	marine	NA	NA	61	de_novo	NA	NA	NA
0.03	0.03	11417900	13034300000	2376240	2810150	0.802493	0.999818	0.827736	0.999784	0.827736	0.999603	0.814818	0.814919	marine	NA	NA	62	de_novo	NA	NA	NA
0.03	0.03	11426700	13034300000	2387490	2801360	0.803111	0.999817	0.827171	0.999785	0.827171	0.999602	0.814853	0.814963	marine	NA	NA	63	de_novo	NA	NA	NA
0.03	0.03	11415900	13034300000	2372490	2812150	0.802352	0.999818	0.827936	0.999784	0.827936	0.999603	0.814845	0.814943	marine	NA	NA	64	de_novo	NA	NA	NA
0.03	0.03	11420900	13034300000	2377340	2807180	0.802701	0.999818	0.827707	0.999785	0.827707	0.999603	0.814909	0.815012	marine	NA	NA	65	de_novo	NA	NA	NA
0.03	0.03	11400400	13034300000	2359160	2827710	0.801258	0.999819	0.828543	0.999783	0.828543	0.999603	0.814588	0.814672	marine	NA	NA	66	de_novo	NA	NA	NA
0.03	0.03	11417000	13034300000	2374860	2811090	0.802427	0.999818	0.827807	0.999784	0.827807	0.999603	0.814819	0.814919	marine	NA	NA	67	de_novo	NA	NA	NA
0.03	0.03	11401700	13034300000	2360510	2826370	0.801353	0.999819	0.828479	0.999783	0.828479	0.999603	0.814604	0.81469	marine	NA	NA	68	de_novo	NA	NA	NA
0.03	0.03	11409700	13034300000	2363910	2818400	0.801913	0.999819	0.828374	0.999784	0.828374	0.999603	0.814837	0.814928	marine	NA	NA	69	de_novo	NA	NA	NA
0.03	0.03	11401400	13034300000	2357870	2826690	0.80133	0.999819	0.828634	0.999783	0.828634	0.999603	0.814669	0.814753	marine	NA	NA	70	de_novo	NA	NA	NA
0.03	0.03	11412500	13034300000	2374000	2815620	0.802108	0.999818	0.827802	0.999784	0.827802	0.999602	0.814655	0.814753	marine	NA	NA	71	de_novo	NA	NA	NA
0.03	0.03	11422200	13034300000	2383070	2805890	0.802792	0.999817	0.827379	0.999785	0.827379	0.999602	0.814794	0.8149	marine	NA	NA	72	de_novo	NA	NA	NA
0.03	0.03	11410400	13034300000	2365050	2817620	0.801967	0.999819	0.828315	0.999784	0.828315	0.999603	0.814836	0.814928	marine	NA	NA	73	de_novo	NA	NA	NA
0.03	0.03	11414900	13034300000	2371120	2813160	0.802281	0.999818	0.828005	0.999784	0.828005	0.999603	0.814843	0.81494	marine	NA	NA	74	de_novo	NA	NA	NA
0.03	0.03	11419800	13034300000	2378570	2808300	0.802623	0.999818	0.827619	0.999785	0.827619	0.999603	0.814827	0.814929	marine	NA	NA	75	de_novo	NA	NA	NA
0.03	0.03	11407600	13034300000	2368170	2820510	0.801764	0.999818	0.828091	0.999784	0.828091	0.999602	0.814623	0.814715	marine	NA	NA	76	de_novo	NA	NA	NA
0.03	0.03	11413400	13034300000	2373580	2814700	0.802172	0.999818	0.827839	0.999784	0.827839	0.999602	0.814706	0.814804	marine	NA	NA	77	de_novo	NA	NA	NA
0.03	0.03	11417900	13034300000	2378310	2810210	0.802488	0.999818	0.827611	0.999784	0.827611	0.999602	0.814754	0.814856	marine	NA	NA	78	de_novo	NA	NA	NA
0.03	0.03	11417800	13034300000	2375620	2810310	0.802482	0.999818	0.827771	0.999784	0.827771	0.999603	0.814829	0.81493	marine	NA	NA	79	de_novo	NA	NA	NA
0.03	0.03	11421400	13034300000	2381290	2806620	0.802741	0.999817	0.827477	0.999785	0.827477	0.999602	0.814816	0.814921	marine	NA	NA	80	de_novo	NA	NA	NA
0.03	0.03	11420000	13034300000	2379920	2808050	0.80264	0.999817	0.827541	0.999785	0.827541	0.999602	0.814797	0.814901	marine	NA	NA	81	de_novo	NA	NA	NA
0.03	0.03	11423800	13034300000	2382880	2804310	0.802903	0.999817	0.82741	0.999785	0.82741	0.999603	0.814866	0.814972	marine	NA	NA	82	de_novo	NA	NA	NA
0.03	0.03	11413600	13034300000	2370500	2814470	0.802189	0.999818	0.828027	0.999784	0.828027	0.999603	0.814807	0.814903	marine	NA	NA	83	de_novo	NA	NA	NA
0.03	0.03	11400400	13034300000	2357590	2827700	0.801259	0.999819	0.828638	0.999783	0.828638	0.999603	0.814635	0.814719	marine	NA	NA	84	de_novo	NA	NA	NA
0.03	0.03	11412600	13034300000	2367540	2815460	0.80212	0.999818	0.828192	0.999784	0.828192	0.999603	0.814853	0.814947	marine	NA	NA	85	de_novo	NA	NA	NA
0.03	0.03	11416600	13034300000	2373220	2811490	0.802398	0.999818	0.8279	0.999784	0.8279	0.999603	0.814851	0.81495	marine	NA	NA	86	de_novo	NA	NA	NA
0.03	0.03	11399100	13034300000	2355510	2828950	0.801171	0.999819	0.828748	0.999783	0.828748	0.999603	0.814644	0.814726	marine	NA	NA	87	de_novo	NA	NA	NA
0.03	0.03	11411200	13034300000	2367450	2816840	0.802022	0.999818	0.82818	0.999784	0.82818	0.999603	0.814798	0.814891	marine	NA	NA	88	de_novo	NA	NA	NA
0.03	0.03	11411300	13034300000	2368970	2816720	0.80203	0.999818	0.82809	0.999784	0.82809	0.999603	0.814758	0.814852	marine	NA	NA	89	de_novo	NA	NA	NA
0.03	0.03	11426700	13034300000	2386620	2801360	0.80311	0.999817	0.827223	0.999785	0.827223	0.999602	0.814879	0.814988	marine	NA	NA	90	de_novo	NA	NA	NA
0.03	0.03	11417200	13034300000	2372840	2810900	0.802439	0.999818	0.827931	0.999784	0.827931	0.999603	0.814887	0.814986	marine	NA	NA	91	de_novo	NA	NA	NA
0.03	0.03	11409000	13034300000	2368990	2819070	0.801865	0.999818	0.82806	0.999784	0.82806	0.999602	0.814659	0.814752	marine	NA	NA	92	de_novo	NA	NA	NA
0.03	0.03	11417100	13034300000	2375520	2810960	0.802435	0.999818	0.827769	0.999784	0.827769	0.999603	0.814805	0.814905	marine	NA	NA	93	de_novo	NA	NA	NA
0.03	0.03	11399500	13034300000	2356350	2828590	0.801197	0.999819	0.828702	0.999783	0.828702	0.999603	0.814635	0.814717	marine	NA	NA	94	de_novo	NA	NA	NA
0.03	0.03	11409900	13034300000	2367090	2818140	0.801931	0.999818	0.828186	0.999784	0.828186	0.999603	0.814754	0.814847	marine	NA	NA	95	de_novo	NA	NA	NA
0.03	0.03	11418000	13034300000	2375870	2810100	0.802496	0.999818	0.827758	0.999784	0.827758	0.999603	0.814831	0.814931	marine	NA	NA	96	de_novo	NA	NA	NA
0.03	0.03	11421800	13034300000	2382590	2806220	0.802769	0.999817	0.827404	0.999785	0.827404	0.999602	0.814795	0.8149	marine	NA	NA	97	de_novo	NA	NA	NA
0.03	0.03	11401400	13034300000	2358340	2826720	0.801328	0.999819	0.828605	0.999783	0.828605	0.999603	0.814654	0.814739	marine	NA	NA	98	de_novo	NA	NA	NA
0.03	0.03	11414100	13034300000	2369800	2814000	0.802222	0.999818	0.828074	0.999784	0.828074	0.999603	0.814847	0.814943	marine	NA	NA	99	de_novo	NA	NA	NA
0.03	0.03	11413500	13034300000	2369930	2814540	0.802184	0.999818	0.82806	0.999784	0.82806	0.999603	0.81482	0.814916	marine	NA	NA	100	de_novo	NA	NA	NA
0.03	0.03	7631340	2308770000	959475	2154910	0.779802	0.999585	0.888314	0.999068	0.888314	0.998657	0.831633	0.830529	mouse	NA	NA	1	de_novo	NA	NA	NA
0.03	0.03	7491740	2308830000	901759	2294500	0.765538	0.99961	0.892565	0.999007	0.892565	0.998622	0.825944	0.824186	mouse	NA	NA	2	de_novo	NA	NA	NA
0.03	0.03	7609960	2308790000	944081	2176290	0.777617	0.999591	0.889633	0.999058	0.889633	0.998655	0.831083	0.829862	mouse	NA	NA	3	de_novo	NA	NA	NA
0.03	0.03	7630270	2308770000	958991	2155980	0.779693	0.999585	0.88835	0.999067	0.88835	0.998657	0.831592	0.830483	mouse	NA	NA	4	de_novo	NA	NA	NA
0.03	0.03	7638120	2308760000	969085	2148120	0.780496	0.99958	0.88741	0.99907	0.88741	0.998656	0.831578	0.830526	mouse	NA	NA	5	de_novo	NA	NA	NA
0.03	0.03	7645500	2308750000	981599	2140740	0.78125	0.999575	0.886219	0.999074	0.886219	0.998654	0.83142	0.830431	mouse	NA	NA	6	de_novo	NA	NA	NA
0.03	0.03	7635030	2308770000	967756	2151220	0.78018	0.999581	0.887507	0.999069	0.887507	0.998655	0.831455	0.83039	mouse	NA	NA	7	de_novo	NA	NA	NA
0.03	0.03	7629170	2308770000	962327	2157080	0.779581	0.999583	0.887991	0.999067	0.887991	0.998655	0.831362	0.83026200000000006	mouse	NA	NA	8	de_novo	NA	NA	NA
0.03	0.03	7628270	2308770000	960354	2157980	0.779489	0.999584	0.888183	0.999066	0.888183	0.998656	0.831404	0.830294	mouse	NA	NA	9	de_novo	NA	NA	NA
0.03	0.03	7644520	2308750000	979225	2141730	0.781149	0.999576	0.88645	0.999073	0.88645	0.998654	0.831475	0.830475	mouse	NA	NA	10	de_novo	NA	NA	NA
0.03	0.03	7656020	2308740000	991131	2130230	0.782324	0.999571	0.885381	0.999078	0.885381	0.998654	0.831597	0.830668	mouse	NA	NA	11	de_novo	NA	NA	NA
0.03	0.03	7627050	2308780000	954009	2159190	0.779365	0.999587	0.888824	0.999066	0.888824	0.998658	0.831639	0.830503	mouse	NA	NA	12	de_novo	NA	NA	NA
0.03	0.03	7626120	2308780000	954061	2160120	0.77927	0.999587	0.888806	0.999065	0.888806	0.998657	0.83158	0.830442	mouse	NA	NA	13	de_novo	NA	NA	NA
0.03	0.03	7603160	2308800000	938406	2183080	0.776924	0.999594	0.890137	0.999055	0.890137	0.998654	0.830947	0.829686	mouse	NA	NA	14	de_novo	NA	NA	NA
0.03	0.03	7629630	2308780000	954871	2156620	0.779628	0.999587	0.888768	0.999067	0.888768	0.998659	0.831753	0.830628	mouse	NA	NA	15	de_novo	NA	NA	NA
0.03	0.03	7628960	2308780000	958410	2157280	0.77956	0.999585	0.888393	0.999066	0.888393	0.998657	0.831541	0.830426	mouse	NA	NA	16	de_novo	NA	NA	NA
0.03	0.03	7644780	2308760000	978112	2141460	0.781177	0.999577	0.886568	0.999073	0.886568	0.998655	0.831545	0.830542	mouse	NA	NA	17	de_novo	NA	NA	NA
0.03	0.03	7629480	2308770000	961969	2156770	0.779612	0.999584	0.888032	0.999067	0.888032	0.998655	0.831398	0.830298	mouse	NA	NA	18	de_novo	NA	NA	NA
0.03	0.03	7488240	2308850000	887159	2298000	0.76518	0.999616	0.894076	0.999006	0.894076	0.998627	0.826453	0.824622	mouse	NA	NA	19	de_novo	NA	NA	NA
0.03	0.03	7630020	2308780000	958151	2156230	0.779667	0.999585	0.888434	0.999067	0.888434	0.998657	0.831617	0.830505	mouse	NA	NA	20	de_novo	NA	NA	NA
0.03	0.03	7623940	2308780000	953597	2162310	0.779046	0.999587	0.888826	0.999064	0.888826	0.998657	0.831469	0.830323	mouse	NA	NA	21	de_novo	NA	NA	NA
0.03	0.03	7602510	2308800000	937347	2183740	0.776856	0.999594	0.890239	0.999055	0.890239	0.998654	0.830959	0.829692	mouse	NA	NA	22	de_novo	NA	NA	NA
0.03	0.03	7609680	2308790000	945272	2176560	0.77759	0.999591	0.889506	0.999058	0.889506	0.998654	0.831008	0.829791	mouse	NA	NA	23	de_novo	NA	NA	NA
0.03	0.03	7644800	2308760000	975849	2141440	0.781178	0.999578	0.886801	0.999073	0.886801	0.998656	0.831656	0.830645	mouse	NA	NA	24	de_novo	NA	NA	NA
0.03	0.03	7614470	2308780000	952860	2171780	0.778079	0.999587	0.88878	0.99906	0.88878	0.998653	0.830929	0.829753	mouse	NA	NA	25	de_novo	NA	NA	NA
0.03	0.03	7630220	2308780000	957327	2156030	0.779688	0.999586	0.888521	0.999067	0.888521	0.998658	0.83167	0.830555	mouse	NA	NA	26	de_novo	NA	NA	NA
0.03	0.03	7646680	2308750000	985059	2139560	0.78137	0.999574	0.885879	0.999074	0.885879	0.998653	0.831324	0.830349	mouse	NA	NA	27	de_novo	NA	NA	NA
0.03	0.03	7647600	2308750000	979574	2138640	0.781464	0.999576	0.886455	0.999075	0.886455	0.998656	0.831645	0.830655	mouse	NA	NA	28	de_novo	NA	NA	NA
0.03	0.03	7633630	2308770000	965653	2152610	0.780037	0.999582	0.887705	0.999069	0.887705	0.998656	0.831472	0.830396	mouse	NA	NA	29	de_novo	NA	NA	NA
0.03	0.03	7633330	2308770000	965975	2152910	0.780006	0.999582	0.887668	0.999068	0.887668	0.998655	0.831438	0.830362	mouse	NA	NA	30	de_novo	NA	NA	NA
0.03	0.03	7634150	2308770000	961706	2152090	0.78009	0.999584	0.88812	0.999069	0.88812	0.998658	0.831696	0.830607	mouse	NA	NA	31	de_novo	NA	NA	NA
0.03	0.03	7655270	2308740000	990302	2130970	0.782248	0.999571	0.885456	0.999078	0.885456	0.998654	0.831592	0.830658	mouse	NA	NA	32	de_novo	NA	NA	NA
0.03	0.03	7639210	2308760000	971596	2147040	0.780607	0.999579	0.887165	0.999071	0.887165	0.998655	0.831522	0.830482	mouse	NA	NA	33	de_novo	NA	NA	NA
0.03	0.03	7627310	2308780000	953990	2158940	0.779391	0.999587	0.888829	0.999066	0.888829	0.998658	0.831655	0.83052	mouse	NA	NA	34	de_novo	NA	NA	NA
0.03	0.03	7650900	2308750000	988282	2135350	0.781801	0.999572	0.885605	0.999076	0.885605	0.998653	0.831424	0.830472	mouse	NA	NA	35	de_novo	NA	NA	NA
0.03	0.03	7513280	2308820000	912776	2272970	0.767739	0.999605	0.891672	0.999016	0.891672	0.998627	0.826719	0.825077	mouse	NA	NA	36	de_novo	NA	NA	NA
0.03	0.03	7620300	2308780000	951697	2165940	0.778675	0.999588	0.888976	0.999063	0.888976	0.998656	0.831341	0.830178	mouse	NA	NA	37	de_novo	NA	NA	NA
0.03	0.03	7636440	2308770000	967848	2149810	0.780324	0.999581	0.887516	0.99907	0.887516	0.998656	0.831536	0.830475	mouse	NA	NA	38	de_novo	NA	NA	NA
0.03	0.03	7649020	2308750000	984359	2137220	0.78161	0.999574	0.885982	0.999075	0.885982	0.998654	0.8315	0.83053	mouse	NA	NA	39	de_novo	NA	NA	NA
0.03	0.03	7635540	2308770000	968580	2150710	0.780231	0.999581	0.887428	0.999069	0.887428	0.998655	0.831445	0.830385	mouse	NA	NA	40	de_novo	NA	NA	NA
0.03	0.03	7618210	2308780000	953831	2168030	0.778461	0.999587	0.888728	0.999062	0.888728	0.998654	0.83111	0.829948	mouse	NA	NA	41	de_novo	NA	NA	NA
0.03	0.03	7630300	2308770000	959550	2155940	0.779697	0.999585	0.888293	0.999067	0.888293	0.998657	0.831566	0.83046	mouse	NA	NA	42	de_novo	NA	NA	NA
0.03	0.03	7615340	2308780000	949785	2170900	0.778168	0.999589	0.88911	0.999061	0.88911	0.998655	0.831132	0.829948	mouse	NA	NA	43	de_novo	NA	NA	NA
0.03	0.03	7640860	2308760000	974803	2145380	0.780776	0.999578	0.886857	0.999072	0.886857	0.998655	0.831467	0.830442	mouse	NA	NA	44	de_novo	NA	NA	NA
0.03	0.03	7627240	2308780000	956614	2159000	0.779384	0.999586	0.888557	0.999066	0.888557	0.998657	0.831523	0.830397	mouse	NA	NA	45	de_novo	NA	NA	NA
0.03	0.03	7638340	2308770000	968831	2147900	0.780518	0.999581	0.887439	0.999071	0.887439	0.998656	0.831604	0.830552	mouse	NA	NA	46	de_novo	NA	NA	NA
0.03	0.03	7628960	2308780000	957458	2157290	0.779559	0.999585	0.888492	0.999066	0.888492	0.998657	0.831586	0.830468	mouse	NA	NA	47	de_novo	NA	NA	NA
0.03	0.03	7610560	2308790000	947273	2175690	0.777679	0.99959	0.889309	0.999059	0.889309	0.998654	0.830964	0.829757	mouse	NA	NA	48	de_novo	NA	NA	NA
0.03	0.03	7649620	2308750000	987353	2136630	0.78167	0.999573	0.885683	0.999075	0.885683	0.998653	0.831391	0.830432	mouse	NA	NA	49	de_novo	NA	NA	NA
0.03	0.03	7624120	2308780000	953045	2162120	0.779065	0.999587	0.888886	0.999064	0.888886	0.998657	0.831507	0.83036	mouse	NA	NA	50	de_novo	NA	NA	NA
0.03	0.03	7644320	2308760000	974538	2141920	0.781129	0.999578	0.88693	0.999073	0.88693	0.998656	0.83169	0.830674	mouse	NA	NA	51	de_novo	NA	NA	NA
0.03	0.03	7647800	2308750000	983867	2138440	0.781485	0.999574	0.886017	0.999075	0.886017	0.998654	0.83145	0.830474	mouse	NA	NA	52	de_novo	NA	NA	NA
0.03	0.03	7631670	2308770000	960845	2154580	0.779836	0.999584	0.888177	0.999068	0.888177	0.998657	0.831587	0.830488	mouse	NA	NA	53	de_novo	NA	NA	NA
0.03	0.03	7648870	2308750000	982131	2137380	0.781594	0.999575	0.886209	0.999075	0.886209	0.998655	0.831599	0.83062	mouse	NA	NA	54	de_novo	NA	NA	NA
0.03	0.03	7623640	2308780000	957154	2162600	0.779016	0.999586	0.888454	0.999064	0.888454	0.998655	0.831278	0.830144	mouse	NA	NA	55	de_novo	NA	NA	NA
0.03	0.03	7639160	2308760000	970435	2147080	0.780602	0.99958	0.887285	0.999071	0.887285	0.998656	0.831576	0.830532	mouse	NA	NA	56	de_novo	NA	NA	NA
0.03	0.03	7643030	2308760000	974476	2143220	0.780997	0.999578	0.886919	0.999073	0.886919	0.998656	0.831615	0.830595	mouse	NA	NA	57	de_novo	NA	NA	NA
0.03	0.03	7634080	2308770000	964597	2152160	0.780083	0.999582	0.88782	0.999069	0.88782	0.998656	0.831551	0.830472	mouse	NA	NA	58	de_novo	NA	NA	NA
0.03	0.03	7639320	2308760000	971438	2146920	0.780618	0.999579	0.887183	0.999071	0.887183	0.998656	0.831537	0.830496	mouse	NA	NA	59	de_novo	NA	NA	NA
0.03	0.03	7647990	2308750000	984938	2138250	0.781504	0.999574	0.885909	0.999075	0.885909	0.998654	0.831409	0.830438	mouse	NA	NA	60	de_novo	NA	NA	NA
0.03	0.03	7628110	2308780000	955302	2158130	0.779473	0.999586	0.888704	0.999066	0.888704	0.998658	0.83164	0.830512	mouse	NA	NA	61	de_novo	NA	NA	NA
0.03	0.03	7643060	2308760000	974850	2143180	0.781001	0.999578	0.886881	0.999073	0.886881	0.998656	0.831599	0.83058	mouse	NA	NA	62	de_novo	NA	NA	NA
0.03	0.03	7629870	2308770000	959404	2156370	0.779653	0.999585	0.888302	0.999067	0.888302	0.998657	0.831547	0.830439	mouse	NA	NA	63	de_novo	NA	NA	NA
0.03	0.03	7613730	2308790000	946270	2172520	0.778003	0.99959	0.889454	0.99906	0.889454	0.998655	0.831206	0.830004	mouse	NA	NA	64	de_novo	NA	NA	NA
0.03	0.03	7608530	2308790000	946555	2177720	0.777472	0.99959	0.889358	0.999058	0.889358	0.998653	0.830875	0.829659	mouse	NA	NA	65	de_novo	NA	NA	NA
0.03	0.03	7645260	2308760000	976726	2140990	0.781225	0.999577	0.886717	0.999074	0.886717	0.998656	0.831641	0.830635	mouse	NA	NA	66	de_novo	NA	NA	NA
0.03	0.03	7631670	2308770000	961562	2154570	0.779836	0.999584	0.888102	0.999068	0.888102	0.998657	0.831552	0.830456	mouse	NA	NA	67	de_novo	NA	NA	NA
0.03	0.03	7614120	2308780000	955094	2172120	0.778044	0.999586	0.888544	0.99906	0.888544	0.998652	0.830799	0.82963	mouse	NA	NA	68	de_novo	NA	NA	NA
0.03	0.03	7486300	2308850000	888366	2299940	0.764982	0.999615	0.893922	0.999005	0.893922	0.998625	0.826275	0.824441	mouse	NA	NA	69	de_novo	NA	NA	NA
0.03	0.03	7647830	2308750000	979015	2138420	0.781488	0.999576	0.886515	0.999075	0.886515	0.998656	0.831686	0.830695	mouse	NA	NA	70	de_novo	NA	NA	NA
0.03	0.03	7611120	2308790000	944855	2175130	0.777736	0.999591	0.889568	0.999059	0.889568	0.998655	0.831116	0.829902	mouse	NA	NA	71	de_novo	NA	NA	NA
0.03	0.03	7639880	2308760000	974890	2146360	0.780676	0.999578	0.886835	0.999071	0.886835	0.998654	0.831403	0.830376	mouse	NA	NA	72	de_novo	NA	NA	NA
0.03	0.03	7627970	2308780000	957528	2158280	0.779458	0.999585	0.888471	0.999066	0.888471	0.998657	0.831523	0.830402	mouse	NA	NA	73	de_novo	NA	NA	NA
0.03	0.03	7638880	2308760000	970665	2147360	0.780574	0.99958	0.887257	0.999071	0.887257	0.998656	0.831548	0.830503	mouse	NA	NA	74	de_novo	NA	NA	NA
0.03	0.03	7613460	2308780000	949258	2172790	0.777976	0.999589	0.889141	0.99906	0.889141	0.998654	0.831043	0.829852	mouse	NA	NA	75	de_novo	NA	NA	NA
0.03	0.03	7625350	2308780000	954838	2160900	0.77919	0.999587	0.888716	0.999065	0.888716	0.998657	0.831495	0.830357	mouse	NA	NA	76	de_novo	NA	NA	NA
0.03	0.03	7641100	2308760000	974041	2145140	0.780801	0.999578	0.886939	0.999072	0.886939	0.998655	0.831519	0.830492	mouse	NA	NA	77	de_novo	NA	NA	NA
0.03	0.03	7639040	2308760000	971116	2147200	0.780589	0.99958	0.887213	0.999071	0.887213	0.998656	0.831535	0.830493	mouse	NA	NA	78	de_novo	NA	NA	NA
0.03	0.03	7632620	2308770000	959234	2153620	0.779934	0.999585	0.888355	0.999068	0.888355	0.998658	0.831723	0.830622	mouse	NA	NA	79	de_novo	NA	NA	NA
0.03	0.03	7607290	2308790000	946357	2178960	0.777345	0.99959	0.889362	0.999057	0.889362	0.998653	0.830809	0.829589	mouse	NA	NA	80	de_novo	NA	NA	NA
0.03	0.03	7627460	2308780000	957273	2158780	0.779406	0.999586	0.888491	0.999066	0.888491	0.998657	0.831504	0.830382	mouse	NA	NA	81	de_novo	NA	NA	NA
0.03	0.03	7643600	2308750000	980573	2142640	0.781056	0.999575	0.886299	0.999073	0.886299	0.998654	0.831354	0.830356	mouse	NA	NA	82	de_novo	NA	NA	NA
0.03	0.03	7626450	2308770000	959730	2159790	0.779303	0.999584	0.888224	0.999065	0.888224	0.998655	0.831323	0.830206	mouse	NA	NA	83	de_novo	NA	NA	NA
0.03	0.03	7634780	2308770000	962264	2151460	0.780154	0.999583	0.88807	0.999069	0.88807	0.998658	0.831707	0.830622	mouse	NA	NA	84	de_novo	NA	NA	NA
0.03	0.03	7625690	2308780000	952680	2160560	0.779225	0.999588	0.888944	0.999065	0.888944	0.998658	0.831621	0.830476	mouse	NA	NA	85	de_novo	NA	NA	NA
0.03	0.03	7628660	2308780000	958112	2157580	0.779529	0.999585	0.88842	0.999066	0.88842	0.998657	0.831537	0.83042	mouse	NA	NA	86	de_novo	NA	NA	NA
0.03	0.03	7636410	2308770000	965390	2149830	0.780321	0.999582	0.887769	0.99907	0.887769	0.998657	0.831654	0.830584	mouse	NA	NA	87	de_novo	NA	NA	NA
0.03	0.03	7617700	2308790000	945563	2168540	0.778409	0.999591	0.889579	0.999062	0.889579	0.998657	0.831482	0.830289	mouse	NA	NA	88	de_novo	NA	NA	NA
0.03	0.03	7631030	2308770000	960407	2155210	0.779771	0.999584	0.888213	0.999067	0.888213	0.998657	0.831569	0.830467	mouse	NA	NA	89	de_novo	NA	NA	NA
0.03	0.03	7640280	2308760000	970739	2145970	0.780716	0.99958	0.887268	0.999071	0.887268	0.998656	0.831629	0.830589	mouse	NA	NA	90	de_novo	NA	NA	NA
0.03	0.03	7625020	2308770000	959350	2161230	0.779157	0.999585	0.888245	0.999065	0.888245	0.998655	0.831255	0.830132	mouse	NA	NA	91	de_novo	NA	NA	NA
0.03	0.03	7648120	2308750000	979887	2138120	0.781517	0.999576	0.88643	0.999075	0.88643	0.998656	0.831662	0.830674	mouse	NA	NA	92	de_novo	NA	NA	NA
0.03	0.03	7647330	2308750000	980586	2138920	0.781436	0.999575	0.886347	0.999074	0.886347	0.998655	0.83158	0.830592	mouse	NA	NA	93	de_novo	NA	NA	NA
0.03	0.03	7646880	2308750000	982899	2139370	0.78139	0.999574	0.886104	0.999074	0.886104	0.998654	0.83144	0.830459	mouse	NA	NA	94	de_novo	NA	NA	NA
0.03	0.03	7628640	2308780000	957233	2157600	0.779527	0.999586	0.888511	0.999066	0.888511	0.998657	0.831578	0.830458	mouse	NA	NA	95	de_novo	NA	NA	NA
0.03	0.03	7630320	2308780000	957280	2155930	0.779698	0.999586	0.888528	0.999067	0.888528	0.998658	0.831678	0.830563	mouse	NA	NA	96	de_novo	NA	NA	NA
0.03	0.03	7626520	2308780000	953933	2159730	0.77931	0.999587	0.888825	0.999065	0.888825	0.998658	0.83161	0.830472	mouse	NA	NA	97	de_novo	NA	NA	NA
0.03	0.03	7662260	2308730000	1000810	2123980	0.782962	0.999567	0.884474	0.999081	0.884474	0.998653	0.831509	0.830628	mouse	NA	NA	98	de_novo	NA	NA	NA
0.03	0.03	7646270	2308750000	980783	2139980	0.781328	0.999575	0.886313	0.999074	0.886313	0.998655	0.831506	0.830516	mouse	NA	NA	99	de_novo	NA	NA	NA
0.03	0.03	7637990	2308770000	966736	2148250	0.780483	0.999581	0.887651	0.99907	0.887651	0.998657	0.831684	0.830624	mouse	NA	NA	100	de_novo	NA	NA	NA
0.03	0.03	8303470	24131200000	1951310	4335160	0.656991	0.999919	0.809717	0.99982	0.809717	0.99974	0.729242	0.725403	soil	NA	NA	1	de_novo	NA	NA	NA
0.03	0.03	8344220	24131200000	2008910	4294410	0.660216	0.999917	0.805961	0.999822	0.805961	0.999739	0.729331	0.725844	soil	NA	NA	2	de_novo	NA	NA	NA
0.03	0.03	8365010	24131100000	2035040	4273620	0.66186	0.999916	0.804324	0.999823	0.804324	0.999739	0.729496	0.726171	soil	NA	NA	3	de_novo	NA	NA	NA
0.03	0.03	8336220	24131200000	1990410	4302410	0.659582	0.999918	0.807254	0.999822	0.807254	0.999739	0.729566	0.725985	soil	NA	NA	4	de_novo	NA	NA	NA
0.03	0.03	8342520	24131200000	1997800	4296110	0.660081	0.999917	0.806795	0.999822	0.806795	0.999739	0.729634	0.726101	soil	NA	NA	5	de_novo	NA	NA	NA
0.03	0.03	8335150	24131200000	1984120	4303480	0.659498	0.999918	0.807726	0.999822	0.807726	0.99974	0.729733	0.726125	soil	NA	NA	6	de_novo	NA	NA	NA
0.03	0.03	8341250	24131200000	1999980	4297380	0.65998	0.999917	0.806601	0.999822	0.806601	0.999739	0.729491	0.725962	soil	NA	NA	7	de_novo	NA	NA	NA
0.03	0.03	8428100	24131000000	2135810	4210530	0.666852	0.999911	0.79782	0.999826	0.79782	0.999737	0.729275	0.726481	soil	NA	NA	8	de_novo	NA	NA	NA
0.03	0.03	8284980	24131200000	1920770	4353660	0.655528	0.99992	0.811795	0.99982	0.811795	0.99974	0.729364	0.725341	soil	NA	NA	9	de_novo	NA	NA	NA
0.03	0.03	8413120	24131100000	2108950	4225520	0.665667	0.999913	0.799569	0.999825	0.799569	0.999738	0.729425	0.7265	soil	NA	NA	10	de_novo	NA	NA	NA
0.03	0.03	8287090	24131200000	1929580	4351540	0.655695	0.99992	0.811134	0.99982	0.811134	0.99974	0.72916	0.725179	soil	NA	NA	11	de_novo	NA	NA	NA
0.03	0.03	8318300	24131200000	1959660	4320340	0.658164	0.999919	0.809333	0.999821	0.809333	0.99974	0.72972	0.725963	soil	NA	NA	12	de_novo	NA	NA	NA
0.03	0.03	8299790	24131200000	1945640	4338840	0.6567	0.999919	0.810097	0.99982	0.810097	0.99974	0.729251	0.725377	soil	NA	NA	13	de_novo	NA	NA	NA
0.03	0.03	7824020	24131500000	1647790	4814620	0.619056	0.999932	0.826032	0.999801	0.826032	0.999732	0.714969	0.707722	soil	NA	NA	14	de_novo	NA	NA	NA
0.03	0.03	8349280	24131200000	2003280	4289350	0.660616	0.999917	0.806495	0.999822	0.806495	0.999739	0.729794	0.726303	soil	NA	NA	15	de_novo	NA	NA	NA
0.03	0.03	8175030	24131100000	2089370	4463600	0.646828	0.999913	0.796445	0.999815	0.796445	0.999729	0.717618	0.713882	soil	NA	NA	16	de_novo	NA	NA	NA
0.03	0.03	8409890	24131100000	2108880	4228740	0.665411	0.999913	0.799513	0.999825	0.799513	0.999738	0.729259	0.726324	soil	NA	NA	17	de_novo	NA	NA	NA
0.03	0.03	8366220	24131100000	2037990	4272410	0.661956	0.999916	0.804119	0.999823	0.804119	0.999739	0.729456	0.726145	soil	NA	NA	18	de_novo	NA	NA	NA
0.03	0.03	8293930	24131200000	1939620	4344700	0.656236	0.99992	0.810465	0.99982	0.810465	0.99974	0.729159	0.725242	soil	NA	NA	19	de_novo	NA	NA	NA
0.03	0.03	8280640	24131300000	1910170	4358000	0.655185	0.999921	0.81256	0.999819	0.81256	0.99974	0.729516	0.725435	soil	NA	NA	20	de_novo	NA	NA	NA
0.03	0.03	8398280	24131100000	2089650	4240350	0.664493	0.999913	0.800756	0.999824	0.800756	0.999738	0.729322	0.726289	soil	NA	NA	21	de_novo	NA	NA	NA
0.03	0.03	8314610	24131200000	1975210	4324020	0.657873	0.999918	0.808042	0.999821	0.808042	0.999739	0.728975	0.725266	soil	NA	NA	22	de_novo	NA	NA	NA
0.03	0.03	8330460	24131200000	1983860	4308180	0.659126	0.999918	0.80766	0.999822	0.80766	0.999739	0.729497	0.725873	soil	NA	NA	23	de_novo	NA	NA	NA
0.03	0.03	8296560	24131200000	1930970	4342070	0.656445	0.99992	0.811199	0.99982	0.811199	0.99974	0.729605	0.725663	soil	NA	NA	24	de_novo	NA	NA	NA
0.03	0.03	8353840	24131100000	2022680	4284790	0.660977	0.999916	0.805071	0.999822	0.805071	0.999739	0.729348	0.725943	soil	NA	NA	25	de_novo	NA	NA	NA
0.03	0.03	8346020	24131200000	2003280	4292610	0.660358	0.999917	0.806433	0.999822	0.806433	0.999739	0.729623	0.726122	soil	NA	NA	26	de_novo	NA	NA	NA
0.03	0.03	8302890	24131200000	1955390	4335740	0.656945	0.999919	0.809384	0.99982	0.809384	0.999739	0.729066	0.725241	soil	NA	NA	27	de_novo	NA	NA	NA
0.03	0.03	8284090	24131200000	1923460	4354540	0.655458	0.99992	0.811565	0.99982	0.811565	0.99974	0.729221	0.725206	soil	NA	NA	28	de_novo	NA	NA	NA
0.03	0.03	8352580	24131100000	2015780	4286050	0.660877	0.999916	0.805583	0.999822	0.805583	0.999739	0.729525	0.72609	soil	NA	NA	29	de_novo	NA	NA	NA
0.03	0.03	8338740	24131200000	2000050	4299900	0.659782	0.999917	0.806549	0.999822	0.806549	0.999739	0.729357	0.72582	soil	NA	NA	30	de_novo	NA	NA	NA
0.03	0.03	8341520	24131200000	1999410	4297110	0.660002	0.999917	0.806651	0.999822	0.806651	0.999739	0.729525	0.725995	soil	NA	NA	31	de_novo	NA	NA	NA
0.03	0.03	8329010	24131200000	1979080	4309620	0.659012	0.999918	0.808007	0.999821	0.808007	0.99974	0.72959	0.725943	soil	NA	NA	32	de_novo	NA	NA	NA
0.03	0.03	8185450	24131100000	2088930	4453180	0.647653	0.999913	0.796685	0.999815	0.796685	0.999729	0.718183	0.71448	soil	NA	NA	33	de_novo	NA	NA	NA
0.03	0.03	8341410	24131200000	2001450	4297220	0.659993	0.999917	0.80649	0.999822	0.80649	0.999739	0.729448	0.725924	soil	NA	NA	34	de_novo	NA	NA	NA
0.03	0.03	8306880	24131200000	1946970	4331750	0.657261	0.999919	0.810123	0.999821	0.810123	0.99974	0.729575	0.72573	soil	NA	NA	35	de_novo	NA	NA	NA
0.03	0.03	8394780	24131100000	2083320	4243850	0.664216	0.999914	0.801174	0.999824	0.801174	0.999738	0.72936	0.726295	soil	NA	NA	36	de_novo	NA	NA	NA
0.03	0.03	8302230	24131200000	1947100	4336400	0.656893	0.999919	0.810026	0.99982	0.810026	0.99974	0.729327	0.725467	soil	NA	NA	37	de_novo	NA	NA	NA
0.03	0.03	8288380	24131200000	1916730	4350250	0.655798	0.999921	0.81218	0.99982	0.81218	0.99974	0.729687	0.725659	soil	NA	NA	38	de_novo	NA	NA	NA
0.03	0.03	8213850	24131000000	2141410	4424780	0.6499	0.999911	0.793206	0.999817	0.793206	0.999728	0.717855	0.714438	soil	NA	NA	39	de_novo	NA	NA	NA
0.03	0.03	8297720	24131200000	1948240	4340910	0.656536	0.999919	0.809853	0.99982	0.809853	0.99974	0.72905	0.72518	soil	NA	NA	40	de_novo	NA	NA	NA
0.03	0.03	8361390	24131100000	2029200	4277240	0.661574	0.999916	0.804708	0.999823	0.804708	0.999739	0.729513	0.726155	soil	NA	NA	41	de_novo	NA	NA	NA
0.03	0.03	8346980	24131200000	2008200	4291660	0.660434	0.999917	0.806068	0.999822	0.806068	0.999739	0.7295	0.72602	soil	NA	NA	42	de_novo	NA	NA	NA
0.03	0.03	8346550	24131200000	2011290	4292080	0.6604	0.999917	0.805819	0.999822	0.805819	0.999739	0.729369	0.725898	soil	NA	NA	43	de_novo	NA	NA	NA
0.03	0.03	8282860	24131200000	1911850	4355770	0.655361	0.999921	0.812466	0.99982	0.812466	0.99974	0.729573	0.725506	soil	NA	NA	44	de_novo	NA	NA	NA
0.03	0.03	8297510	24131200000	1936190	4341120	0.65652	0.99992	0.810803	0.99982	0.810803	0.99974	0.729469	0.72555	soil	NA	NA	45	de_novo	NA	NA	NA
0.03	0.03	8402330	24131100000	2100580	4236300	0.664814	0.999913	0.8	0.999824	0.8	0.999738	0.729153	0.726169	soil	NA	NA	46	de_novo	NA	NA	NA
0.03	0.03	8274770	24131300000	1909960	4363860	0.654721	0.999921	0.812468	0.999819	0.812468	0.99974	0.729217	0.725114	soil	NA	NA	47	de_novo	NA	NA	NA
0.03	0.03	8320210	24131200000	1972070	4318430	0.658315	0.999918	0.808393	0.999821	0.808393	0.999739	0.729379	0.725676	soil	NA	NA	48	de_novo	NA	NA	NA
0.03	0.03	8337260	24131200000	1995310	4301370	0.659665	0.999917	0.806891	0.999822	0.806891	0.999739	0.729448	0.725888	soil	NA	NA	49	de_novo	NA	NA	NA
0.03	0.03	8358990	24131100000	2030810	4279640	0.661384	0.999916	0.804538	0.999823	0.804538	0.999739	0.729331	0.725971	soil	NA	NA	50	de_novo	NA	NA	NA
0.03	0.03	8307390	24131200000	1949620	4331240	0.657302	0.999919	0.809923	0.999821	0.809923	0.99974	0.729507	0.725674	soil	NA	NA	51	de_novo	NA	NA	NA
0.03	0.03	8291950	24131200000	1926150	4346680	0.65608	0.99992	0.811496	0.99982	0.811496	0.99974	0.729536	0.725559	soil	NA	NA	52	de_novo	NA	NA	NA
0.03	0.03	8319070	24131200000	1981780	4319560	0.658226	0.999918	0.80761	0.999821	0.80761	0.999739	0.728976	0.725306	soil	NA	NA	53	de_novo	NA	NA	NA
0.03	0.03	8319330	24131200000	1965360	4319300	0.658246	0.999919	0.808905	0.999821	0.808905	0.99974	0.729572	0.72584	soil	NA	NA	54	de_novo	NA	NA	NA
0.03	0.03	8334280	24131200000	1994330	4304350	0.659429	0.999917	0.806912	0.999822	0.806912	0.999739	0.729326	0.725754	soil	NA	NA	55	de_novo	NA	NA	NA
0.03	0.03	8296590	24131200000	1944780	4342040	0.656447	0.999919	0.810106	0.99982	0.810106	0.99974	0.729114	0.725226	soil	NA	NA	56	de_novo	NA	NA	NA
0.03	0.03	8301350	24131200000	1945550	4337280	0.656824	0.999919	0.810133	0.99982	0.810133	0.99974	0.729336	0.725467	soil	NA	NA	57	de_novo	NA	NA	NA
0.03	0.03	8304330	24131200000	1957440	4334310	0.657059	0.999919	0.809249	0.99982	0.809249	0.999739	0.729068	0.725256	soil	NA	NA	58	de_novo	NA	NA	NA
0.03	0.03	8286630	24131200000	1915460	4352000	0.655659	0.999921	0.812248	0.99982	0.812248	0.99974	0.72964	0.725601	soil	NA	NA	59	de_novo	NA	NA	NA
0.03	0.03	8309940	24131200000	1958550	4328700	0.657503	0.999919	0.809266	0.999821	0.809266	0.99974	0.729322	0.725533	soil	NA	NA	60	de_novo	NA	NA	NA
0.03	0.03	8354180	24131100000	2018380	4284450	0.661004	0.999916	0.805411	0.999822	0.805411	0.999739	0.729517	0.726097	soil	NA	NA	61	de_novo	NA	NA	NA
0.03	0.03	8325370	24131200000	1974270	4313270	0.658724	0.999918	0.808317	0.999821	0.808317	0.99974	0.729571	0.725893	soil	NA	NA	62	de_novo	NA	NA	NA
0.03	0.03	8345950	24131200000	2007120	4292680	0.660352	0.999917	0.806133	0.999822	0.806133	0.999739	0.729484	0.725997	soil	NA	NA	63	de_novo	NA	NA	NA
0.03	0.03	8349230	24131200000	2007810	4289410	0.660612	0.999917	0.80614	0.999822	0.80614	0.999739	0.729631	0.726156	soil	NA	NA	64	de_novo	NA	NA	NA
0.03	0.03	8295650	24131200000	1936730	4342980	0.656373	0.99992	0.810725	0.99982	0.810725	0.99974	0.729352	0.725429	soil	NA	NA	65	de_novo	NA	NA	NA
0.03	0.03	8384050	24131100000	2078000	4254580	0.663367	0.999914	0.801378	0.999824	0.801378	0.999738	0.728987	0.725871	soil	NA	NA	66	de_novo	NA	NA	NA
0.03	0.03	8344820	24131200000	1998370	4293820	0.660263	0.999917	0.806794	0.999822	0.806794	0.999739	0.729734	0.72621	soil	NA	NA	67	de_novo	NA	NA	NA
0.03	0.03	8344390	24131200000	2004860	4294240	0.660229	0.999917	0.80628	0.999822	0.80628	0.999739	0.729483	0.725982	soil	NA	NA	68	de_novo	NA	NA	NA
0.03	0.03	8335820	24131200000	1992460	4302810	0.659551	0.999917	0.807087	0.999822	0.807087	0.999739	0.729473	0.725898	soil	NA	NA	69	de_novo	NA	NA	NA
0.03	0.03	8385470	24131100000	2073100	4253170	0.663479	0.999914	0.80178	0.999824	0.80178	0.999738	0.729231	0.726103	soil	NA	NA	70	de_novo	NA	NA	NA
0.03	0.03	8343040	24131200000	2004160	4295590	0.660122	0.999917	0.806309	0.999822	0.806309	0.999739	0.729436	0.725929	soil	NA	NA	71	de_novo	NA	NA	NA
0.03	0.03	8310370	24131200000	1959990	4328260	0.657537	0.999919	0.809161	0.999821	0.809161	0.99974	0.729294	0.725511	soil	NA	NA	72	de_novo	NA	NA	NA
0.03	0.03	8289360	24131200000	1923330	4349270	0.655875	0.99992	0.811672	0.99982	0.811672	0.99974	0.729502	0.725504	soil	NA	NA	73	de_novo	NA	NA	NA
0.03	0.03	8337060	24131200000	1995310	4301570	0.659649	0.999917	0.806888	0.999822	0.806888	0.999739	0.729437	0.725877	soil	NA	NA	74	de_novo	NA	NA	NA
0.03	0.03	8351560	24131100000	2015070	4287070	0.660797	0.999917	0.80562	0.999822	0.80562	0.999739	0.729497	0.726057	soil	NA	NA	75	de_novo	NA	NA	NA
0.03	0.03	8276130	24131200000	1914950	4362500	0.654828	0.999921	0.812096	0.999819	0.812096	0.99974	0.729109	0.725032	soil	NA	NA	76	de_novo	NA	NA	NA
0.03	0.03	8344180	24131200000	2005600	4294450	0.660213	0.999917	0.806218	0.999822	0.806218	0.999739	0.729446	0.725947	soil	NA	NA	77	de_novo	NA	NA	NA
0.03	0.03	8330000	24131200000	1975800	4308630	0.659091	0.999918	0.808283	0.999821	0.808283	0.99974	0.729759	0.726102	soil	NA	NA	78	de_novo	NA	NA	NA
0.03	0.03	8542520	24130800000	2346370	4096120	0.675905	0.999903	0.784517	0.99983	0.784517	0.999733	0.728058	0.726172	soil	NA	NA	79	de_novo	NA	NA	NA
0.03	0.03	8336490	24131200000	1986910	4302150	0.659604	0.999918	0.807533	0.999822	0.807533	0.99974	0.729704	0.726111	soil	NA	NA	80	de_novo	NA	NA	NA
0.03	0.03	8328440	24131200000	1995570	4310200	0.658967	0.999917	0.806706	0.999821	0.806706	0.999739	0.728977	0.72539	soil	NA	NA	81	de_novo	NA	NA	NA
0.03	0.03	8332030	24131200000	1988290	4306600	0.659251	0.999918	0.807342	0.999822	0.807342	0.999739	0.729423	0.72582	soil	NA	NA	82	de_novo	NA	NA	NA
0.03	0.03	8203950	24131000000	2121360	4434680	0.649117	0.999912	0.794548	0.999816	0.794548	0.999728	0.718029	0.714507	soil	NA	NA	83	de_novo	NA	NA	NA
0.03	0.03	8398700	24131100000	2090440	4239930	0.664526	0.999913	0.800705	0.999824	0.800705	0.999738	0.729317	0.726287	soil	NA	NA	84	de_novo	NA	NA	NA
0.03	0.03	8349460	24131100000	2023270	4289180	0.66063	0.999916	0.804943	0.999822	0.804943	0.999739	0.729098	0.725681	soil	NA	NA	85	de_novo	NA	NA	NA
0.03	0.03	8333360	24131200000	1995020	4305270	0.659356	0.999917	0.806841	0.999822	0.806841	0.999739	0.729254	0.725681	soil	NA	NA	86	de_novo	NA	NA	NA
0.03	0.03	8325930	24131200000	1979110	4312700	0.658769	0.999918	0.807948	0.999821	0.807948	0.999739	0.729429	0.725772	soil	NA	NA	87	de_novo	NA	NA	NA
0.03	0.03	8348000	24131200000	2003900	4290630	0.660515	0.999917	0.806422	0.999822	0.806422	0.999739	0.729705	0.726212	soil	NA	NA	88	de_novo	NA	NA	NA
0.03	0.03	8290630	24131200000	1930130	4348000	0.655975	0.99992	0.811156	0.99982	0.811156	0.99974	0.729325	0.725359	soil	NA	NA	89	de_novo	NA	NA	NA
0.03	0.03	8349160	24131200000	2004220	4289470	0.66060700000000006	0.999917	0.806419	0.999822	0.806419	0.999739	0.729754	0.726267	soil	NA	NA	90	de_novo	NA	NA	NA
0.03	0.03	8358380	24131100000	2024370	4280250	0.661336	0.999916	0.805026	0.999823	0.805026	0.999739	0.729526	0.726141	soil	NA	NA	91	de_novo	NA	NA	NA
0.03	0.03	8332350	24131200000	1991250	4306280	0.659276	0.999917	0.807117	0.999822	0.807117	0.999739	0.729334	0.725744	soil	NA	NA	92	de_novo	NA	NA	NA
0.03	0.03	8329370	24131200000	1994190	4309260	0.65904	0.999917	0.806831	0.999821	0.806831	0.999739	0.729075	0.725486	soil	NA	NA	93	de_novo	NA	NA	NA
0.03	0.03	8327320	24131200000	1975500	4311310	0.658879	0.999918	0.808256	0.999821	0.808256	0.99974	0.729629	0.725963	soil	NA	NA	94	de_novo	NA	NA	NA
0.03	0.03	8336820	24131200000	1990880	4301810	0.65963	0.999918	0.807229	0.999822	0.807229	0.999739	0.729581	0.726004	soil	NA	NA	95	de_novo	NA	NA	NA
0.03	0.03	8322190	24131200000	1973120	4316440	0.658473	0.999918	0.808348	0.999821	0.808348	0.99974	0.729446	0.725753	soil	NA	NA	96	de_novo	NA	NA	NA
0.03	0.03	8325630	24131200000	1979340	4313000	0.658745	0.999918	0.807924	0.999821	0.807924	0.999739	0.729405	0.725747	soil	NA	NA	97	de_novo	NA	NA	NA
0.03	0.03	8284130	24131200000	1919500	4354510	0.655461	0.99992	0.81188	0.99982	0.81188	0.99974	0.729365	0.725333	soil	NA	NA	98	de_novo	NA	NA	NA
0.03	0.03	8308000	24131200000	1959480	4330630	0.65735	0.999919	0.809157	0.999821	0.809157	0.999739	0.729188	0.725396	soil	NA	NA	99	de_novo	NA	NA	NA
0.03	0.03	8357080	24131100000	2020940	4281550	0.661233	0.999916	0.805267	0.999823	0.805267	0.999739	0.729578	0.726177	soil	NA	NA	100	de_novo	NA	NA	NA
